Age,Gender,Education Level,Job Title,Years of Experience,Salary
32.0,Male,Bachelor'S,Software Engineer,5.0,90000.0
28.0,Female,Master'S,Data Analyst,3.0,65000.0
45.0,Male,Phd,Senior Manager,15.0,150000.0
36.0,Female,Bachelor'S,Sales Associate,7.0,60000.0
52.0,Male,Master'S,Director,20.0,200000.0
29.0,Male,Bachelor'S,Marketing Analyst,2.0,55000.0
42.0,Female,Master'S,Product Manager,12.0,120000.0
31.0,Male,Bachelor'S,Sales Manager,4.0,80000.0
26.0,Female,Bachelor'S,Marketing Coordinator,1.0,45000.0
38.0,Male,Phd,Senior Scientist,10.0,110000.0
29.0,Male,Master'S,Software Developer,3.0,75000.0
48.0,Female,Bachelor'S,Hr Manager,18.0,140000.0
35.0,Male,Bachelor'S,Financial Analyst,6.0,65000.0
40.0,Female,Master'S,Project Manager,14.0,130000.0
27.0,Male,Bachelor'S,Customer Service Rep,2.0,40000.0
44.0,Male,Bachelor'S,Operations Manager,16.0,125000.0
33.0,Female,Master'S,Marketing Manager,7.0,90000.0
39.0,Male,Phd,Senior Engineer,12.0,115000.0
25.0,Female,Bachelor'S,Data Entry Clerk,0.0,35000.0
51.0,Male,Bachelor'S,Sales Director,22.0,180000.0
34.0,Female,Master'S,Business Analyst,5.0,80000.0
47.0,Male,Master'S,Vp Of Operations,19.0,190000.0
30.0,Male,Bachelor'S,It Support,2.0,50000.0
36.0,Female,Bachelor'S,Recruiter,9.0,60000.0
41.0,Male,Master'S,Financial Manager,13.0,140000.0
28.0,Female,Bachelor'S,Social Media Specialist,3.0,45000.0
37.0,Female,Master'S,Software Manager,11.0,110000.0
24.0,Male,Bachelor'S,Junior Developer,1.0,40000.0
43.0,Female,Phd,Senior Consultant,15.0,140000.0
33.0,Male,Master'S,Product Designer,6.0,90000.0
50.0,Male,Bachelor'S,Ceo,25.0,250000.0
31.0,Female,Bachelor'S,Accountant,4.0,55000.0
29.0,Male,Master'S,Data Scientist,3.0,75000.0
39.0,Female,Bachelor'S,Marketing Specialist,10.0,65000.0
46.0,Male,Phd,Senior Manager,20.0,170000.0
27.0,Male,Bachelor'S,Technical Writer,2.0,45000.0
35.0,Female,Bachelor'S,Hr Generalist,7.0,60000.0
42.0,Male,Master'S,Project Engineer,14.0,115000.0
26.0,Female,Bachelor'S,Customer Success Rep,1.0,40000.0
49.0,Male,Bachelor'S,Sales Executive,21.0,160000.0
34.0,Female,Master'S,Ux Designer,5.0,80000.0
48.0,Male,Master'S,Operations Director,18.0,190000.0
30.0,Male,Bachelor'S,Network Engineer,3.0,60000.0
36.0,Female,Bachelor'S,Administrative Assistant,8.0,45000.0
41.0,Male,Master'S,Strategy Consultant,13.0,130000.0
28.0,Female,Bachelor'S,Copywriter,2.0,40000.0
32.0,Male,Bachelor'S,Account Manager,5.0,75000.0
45.0,Female,Master'S,Director Of Marketing,16.0,180000.0
38.0,Male,Phd,Senior Scientist,11.0,120000.0
25.0,Male,Bachelor'S,Help Desk Analyst,0.0,35000.0
51.0,Female,Bachelor'S,Customer Service Manager,22.0,130000.0
33.0,Male,Master'S,Business Intelligence Analyst,7.0,85000.0
40.0,Female,Bachelor'S,Event Coordinator,12.0,60000.0
47.0,Male,Master'S,Vp Of Finance,19.0,200000.0
29.0,Female,Bachelor'S,Graphic Designer,3.0,50000.0
36.0,Male,Bachelor'S,Sales Manager,9.0,95000.0
27.0,Female,Master'S,Ux Researcher,2.0,65000.0
43.0,Male,Phd,Senior Engineer,17.0,140000.0
30.0,Female,Bachelor'S,Social Media Manager,4.0,55000.0
35.0,Male,Master'S,Product Manager,7.0,105000.0
51.0,Female,Master'S,Director Of Operations,23.0,170000.0
29.0,Male,Bachelor'S,Marketing Analyst,3.0,50000.0
40.0,Female,Bachelor'S,Hr Manager,12.0,80000.0
47.0,Male,Phd,Senior Data Scientist,21.0,180000.0
26.0,Male,Bachelor'S,Junior Accountant,1.0,35000.0
38.0,Female,Master'S,Digital Marketing Manager,10.0,90000.0
46.0,Male,Bachelor'S,It Manager,19.0,120000.0
31.0,Female,Bachelor'S,Customer Service Representative,5.0,45000.0
34.0,Male,Master'S,Business Development Manager,8.0,90000.0
49.0,Female,Master'S,Senior Financial Analyst,18.0,150000.0
33.0,Male,Bachelor'S,Web Developer,6.0,65000.0
39.0,Female,Bachelor'S,Recruiter,11.0,70000.0
45.0,Male,Phd,Research Director,16.0,190000.0
28.0,Male,Bachelor'S,Technical Support Specialist,2.0,40000.0
42.0,Female,Master'S,Creative Director,14.0,120000.0
37.0,Male,Bachelor'S,Project Manager,10.0,95000.0
50.0,Female,Bachelor'S,Operations Manager,22.0,160000.0
32.0,Male,Master'S,Senior Software Engineer,6.0,100000.0
48.0,Female,Master'S,Human Resources Director,20.0,180000.0
30.0,Female,Bachelor'S,Content Marketing Manager,3.0,55000.0
36.0,Male,Bachelor'S,Technical Recruiter,8.0,70000.0
41.0,Female,Master'S,Data Analyst,13.0,80000.0
25.0,Male,Bachelor'S,Sales Representative,0.0,30000.0
52.0,Male,Phd,Chief Technology Officer,24.0,250000.0
29.0,Female,Bachelor'S,Junior Designer,2.0,40000.0
34.0,Female,Master'S,Financial Advisor,10.0,95000.0
27.0,Male,Bachelor'S,Junior Account Manager,2.0,45000.0
40.0,Female,Bachelor'S,Hr Generalist,15.0,80000.0
46.0,Male,Master'S,Senior Project Manager,21.0,135000.0
31.0,Female,Bachelor'S,Marketing Coordinator,6.0,55000.0
36.0,Male,Phd,Principal Scientist,11.0,120000.0
29.0,Female,Bachelor'S,Sales Associate,3.0,40000.0
43.0,Male,Bachelor'S,Supply Chain Manager,18.0,105000.0
52.0,Female,Master'S,Senior Marketing Manager,25.0,170000.0
33.0,Male,Bachelor'S,Business Analyst,7.0,75000.0
39.0,Female,Bachelor'S,Training Specialist,12.0,65000.0
47.0,Male,Phd,Research Scientist,22.0,160000.0
26.0,Male,Bachelor'S,Junior Software Developer,1.0,35000.0
38.0,Female,Master'S,Public Relations Manager,10.0,90000.0
45.0,Male,Bachelor'S,Operations Analyst,20.0,110000.0
31.0,Female,Bachelor'S,Event Coordinator,5.0,45000.0
35.0,Male,Master'S,Product Marketing Manager,8.0,95000.0
49.0,Female,Master'S,Senior Hr Manager,19.0,150000.0
33.0,Male,Bachelor'S,Junior Web Developer,5.0,50000.0
39.0,Female,Master'S,Senior Project Coordinator,13.0,80000.0
44.0,Male,Phd,Chief Data Officer,16.0,220000.0
30.0,Female,Bachelor'S,Digital Content Producer,3.0,50000.0
36.0,Male,Bachelor'S,It Support Specialist,7.0,60000.0
41.0,Female,Master'S,Senior Marketing Analyst,14.0,100000.0
28.0,Male,Bachelor'S,Customer Success Manager,2.0,40000.0
42.0,Female,Master'S,Senior Graphic Designer,15.0,110000.0
37.0,Male,Bachelor'S,Software Project Manager,9.0,95000.0
50.0,Female,Bachelor'S,Supply Chain Analyst,22.0,130000.0
32.0,Male,Master'S,Senior Business Analyst,6.0,90000.0
23.0,Female,Bachelor'S,Junior Marketing Analyst,0.5,35000.0
31.0,Male,Master'S,Senior Financial Analyst,6.0,95000.0
40.0,Female,Bachelor'S,Office Manager,15.0,65000.0
48.0,Male,Phd,Principal Engineer,20.0,170000.0
29.0,Female,Bachelor'S,Junior Hr Generalist,3.0,45000.0
35.0,Male,Master'S,Senior Product Manager,10.0,120000.0
42.0,Female,Bachelor'S,Sales Manager,17.0,100000.0
53.0,Male,Master'S,Director Of Marketing,25.0,180000.0
33.0,Female,Bachelor'S,Junior Operations Analyst,5.0,50000.0
38.0,Male,Bachelor'S,Customer Service Manager,11.0,80000.0
44.0,Female,Phd,Senior Scientist,16.0,140000.0
26.0,Male,Bachelor'S,Junior Accountant,2.0,40000.0
37.0,Female,Master'S,Senior Hr Generalist,9.0,95000.0
45.0,Male,Bachelor'S,Sales Operations Manager,18.0,110000.0
32.0,Female,Bachelor'S,Marketing Coordinator,4.0,50000.0
34.0,Male,Master'S,Senior Software Developer,8.0,105000.0
50.0,Female,Master'S,Director Of Operations,21.0,160000.0
29.0,Male,Bachelor'S,Junior Web Designer,3.0,45000.0
40.0,Female,Master'S,Senior Training Specialist,12.0,100000.0
47.0,Male,Phd,Senior Research Scientist,22.0,160000.0
27.0,Male,Bachelor'S,Junior Sales Representative,1.0,35000.0
39.0,Female,Bachelor'S,Administrative Assistant,10.0,55000.0
46.0,Male,Master'S,Senior Project Manager,19.0,140000.0
30.0,Female,Bachelor'S,Junior Marketing Manager,4.0,50000.0
36.0,Male,Bachelor'S,Junior Data Analyst,7.0,60000.0
43.0,Female,Master'S,Senior Product Marketing Manager,14.0,120000.0
28.0,Male,Bachelor'S,Junior Business Analyst,2.0,40000.0
41.0,Female,Master'S,Senior Marketing Manager,13.0,110000.0
33.0,Male,Bachelor'S,Junior Software Developer,5.0,50000.0
47.0,Male,Bachelor'S,Senior Sales Manager,20.0,135000.0
25.0,Female,Master'S,Junior Marketing Specialist,1.5,40000.0
34.0,Male,Bachelor'S,Senior Business Analyst,8.0,90000.0
42.0,Female,Phd,Senior Data Scientist,16.0,150000.0
31.0,Male,Bachelor'S,Junior Project Manager,4.0,60000.0
38.0,Female,Bachelor'S,Senior Accountant,10.0,80000.0
45.0,Male,Master'S,Director Of Sales,19.0,175000.0
29.0,Female,Bachelor'S,Junior Recruiter,3.0,45000.0
36.0,Male,Master'S,Senior Business Development Manager,11.0,120000.0
43.0,Female,Phd,Senior Product Designer,18.0,140000.0
26.0,Male,Bachelor'S,Junior Customer Support Specialist,2.0,35000.0
37.0,Female,Master'S,Senior Marketing Analyst,9.0,95000.0
44.0,Male,Bachelor'S,Senior It Support Specialist,14.0,110000.0
32.0,Female,Bachelor'S,Junior Financial Analyst,5.0,50000.0
33.0,Male,Master'S,Senior Operations Manager,7.0,115000.0
51.0,Female,Phd,Director Of Human Resources,23.0,185000.0
28.0,Male,Bachelor'S,Junior Software Engineer,2.0,40000.0
39.0,Female,Bachelor'S,Senior Sales Representative,12.0,90000.0
48.0,Male,Master'S,Director Of Product Management,21.0,175000.0
30.0,Female,Bachelor'S,Junior Copywriter,3.0,45000.0
35.0,Male,Bachelor'S,Senior Marketing Coordinator,7.0,80000.0
41.0,Female,Master'S,Senior Human Resources Manager,13.0,120000.0
27.0,Male,Bachelor'S,Junior Business Development Associate,1.5,35000.0
40.0,Female,Bachelor'S,Senior Account Manager,14.0,110000.0
46.0,Male,Phd,Senior Researcher,18.0,150000.0
31.0,Female,Bachelor'S,Junior Hr Coordinator,4.0,50000.0
34.0,Male,Master'S,Senior Software Engineer,9.0,105000.0
50.0,Female,Master'S,Director Of Finance,20.0,180000.0
29.0,Male,Bachelor'S,Junior Marketing Coordinator,2.0,40000.0
43.0,Male,Bachelor'S,Senior Project Manager,16.0,140000.0
26.0,Female,Master'S,Junior Data Scientist,1.5,45000.0
35.0,Male,Bachelor'S,Senior Operations Analyst,7.0,85000.0
42.0,Female,Phd,Senior Marketing Manager,18.0,140000.0
31.0,Male,Bachelor'S,Junior Accountant,4.0,50000.0
38.0,Female,Bachelor'S,Senior Human Resources Coordinator,10.0,80000.0
46.0,Male,Master'S,Director Of Operations,20.0,170000.0
29.0,Female,Bachelor'S,Junior Sales Representative,2.0,40000.0
37.0,Male,Master'S,Senior Business Analyst,9.0,105000.0
44.0,Female,Phd,Senior Ux Designer,15.0,145000.0
27.0,Male,Bachelor'S,Junior Product Manager,2.0,40000.0
36.0,Female,Bachelor'S,Senior Marketing Specialist,8.0,85000.0
43.0,Male,Bachelor'S,Senior It Project Manager,14.0,130000.0
33.0,Female,Master'S,Senior Financial Analyst,6.0,95000.0
34.0,Male,Bachelor'S,Senior Quality Assurance Analyst,9.0,100000.0
50.0,Female,Phd,Director Of Sales And Marketing,22.0,180000.0
28.0,Male,Bachelor'S,Junior Operations Analyst,1.5,35000.0
39.0,Female,Bachelor'S,Senior Account Executive,12.0,95000.0
47.0,Male,Master'S,Director Of Business Development,19.0,170000.0
30.0,Female,Bachelor'S,Junior Social Media Manager,3.0,45000.0
34.0,Male,Bachelor'S,Senior Product Manager,7.0,95000.0
40.0,Female,Master'S,Senior Human Resources Specialist,13.0,120000.0
41.0,Female,Bachelor'S,Senior Marketing Coordinator,11.0,90000.0
45.0,Male,Phd,Senior Data Analyst,17.0,155000.0
32.0,Female,Bachelor'S,Junior Account Manager,5.0,55000.0
35.0,Male,Master'S,Senior Software Developer,9.0,110000.0
49.0,Female,Master'S,Director Of Human Capital,21.0,180000.0
30.0,Male,Bachelor'S,Junior Advertising Coordinator,3.0,45000.0
44.0,Male,Bachelor'S,Senior Sales Manager,16.0,130000.0
27.0,Female,Master'S,Junior Ux Designer,1.5,45000.0
36.0,Male,Bachelor'S,Senior Accountant,7.0,90000.0
41.0,Female,Phd,Senior Marketing Director,17.0,160000.0
31.0,Male,Bachelor'S,Junior Hr Generalist,4.0,50000.0
39.0,Female,Bachelor'S,Senior Operations Manager,10.0,120000.0
47.0,Male,Master'S,Director Of Finance,20.0,170000.0
30.0,Female,Bachelor'S,Junior Marketing Coordinator,2.0,40000.0
38.0,Male,Master'S,Senior It Consultant,9.0,110000.0
45.0,Female,Phd,Senior Product Designer,15.0,150000.0
28.0,Male,Bachelor'S,Junior Business Development Associate,2.0,40000.0
35.0,Female,Bachelor'S,Senior Marketing Analyst,8.0,85000.0
44.0,Male,Bachelor'S,Senior Software Engineer,14.0,130000.0
34.0,Female,Master'S,Senior Financial Advisor,6.0,100000.0
35.0,Male,Bachelor'S,Senior Project Coordinator,9.0,95000.0
50.0,Female,Phd,Director Of Operations,22.0,180000.0
29.0,Male,Bachelor'S,Junior Business Operations Analyst,1.5,35000.0
40.0,Female,Bachelor'S,Senior Sales Representative,12.0,100000.0
48.0,Male,Master'S,Director Of Marketing,19.0,170000.0
31.0,Female,Bachelor'S,Junior Social Media Specialist,3.0,45000.0
33.0,Male,Bachelor'S,Senior Product Development Manager,7.0,100000.0
42.0,Female,Master'S,Senior Human Resources Manager,13.0,140000.0
28.0,Male,Bachelor'S,Junior Financial Analyst,2.0,40000.0
40.0,Female,Bachelor'S,Senior Marketing Manager,11.0,105000.0
46.0,Male,Phd,Senior Data Scientist,18.0,160000.0
33.0,Female,Bachelor'S,Junior Operations Manager,5.0,70000.0
37.0,Male,Master'S,Senior Software Architect,9.0,120000.0
51.0,Female,Master'S,Director Of Human Resources,21.0,190000.0
30.0,Male,Bachelor'S,Junior Marketing Specialist,3.0,45000.0
43.0,Male,Bachelor'S,Senior Project Manager,15.0,120000.0
27.0,Female,Master'S,Junior Research Scientist,1.5,50000.0
35.0,Male,Bachelor'S,Senior Operations Analyst,8.0,85000.0
42.0,Female,Phd,Senior Marketing Manager,13.0,140000.0
32.0,Male,Bachelor'S,Junior Sales Representative,3.0,45000.0
37.0,Female,Bachelor'S,Senior Financial Analyst,9.0,100000.0
45.0,Male,Master'S,Senior Software Developer,16.0,140000.0
33.0,Female,Bachelor'S,Junior Operations Analyst,5.0,70000.0
39.0,Male,Bachelor'S,Senior Marketing Specialist,10.0,120000.0
44.0,Female,Phd,Senior Hr Manager,18.0,160000.0
29.0,Male,Bachelor'S,Junior Business Analyst,1.5,40000.0
38.0,Female,Bachelor'S,Senior Product Manager,10.0,120000.0
46.0,Male,Phd,Senior Data Analyst,19.0,150000.0
34.0,Female,Bachelor'S,Junior Marketing Analyst,6.0,70000.0
36.0,Male,Bachelor'S,Senior Operations Manager,8.0,95000.0
49.0,Female,Master'S,Director Of Marketing,21.0,180000.0
31.0,Male,Bachelor'S,Junior Financial Analyst,3.0,50000.0
41.0,Female,Bachelor'S,Senior Project Coordinator,11.0,95000.0
47.0,Male,Master'S,Director Of Operations,20.0,170000.0
29.0,Male,Bachelor'S,Junior Business Operations Analyst,1.5,350.0
37.0,Female,Bachelor'S,Senior Financial Manager,10.0,120000.0
31.0,Female,Bachelor'S,Junior Marketing Coordinator,3.0,50000.0
42.0,Male,Bachelor'S,Senior Operations Manager,12.0,110000.0
29.0,Female,Bachelor'S,Junior Sales Representative,1.5,40000.0
36.0,Male,Bachelor'S,Senior Marketing Specialist,8.0,95000.0
44.0,Female,Master'S,Senior Hr Specialist,15.0,140000.0
33.0,Male,Bachelor'S,Junior Operations Manager,4.0,60000.0
39.0,Female,Bachelor'S,Senior Marketing Coordinator,9.0,110000.0
45.0,Male,Phd,Senior Data Engineer,16.0,150000.0
32.0,Female,Bachelor'S,Junior Marketing Manager,4.0,60000.0
37.0,Male,Bachelor'S,Senior Financial Analyst,8.0,90000.0
47.0,Female,Master'S,Director Of Marketing,20.0,180000.0
30.0,Male,Bachelor'S,Junior Business Analyst,2.0,40000.0
38.0,Female,Bachelor'S,Senior Project Manager,9.0,120000.0
46.0,Male,Phd,Senior Data Analyst,17.0,160000.0
34.0,Female,Bachelor'S,Junior Financial Analyst,5.0,70000.0
36.0,Male,Bachelor'S,Senior Product Manager,8.0,95000.0
49.0,Female,Master'S,Director Of Operations,21.0,180000.0
31.0,Male,Bachelor'S,Junior Operations Analyst,3.0,50000.0
47.0,Male,Master'S,Director Of Marketing,19.0,170000.0
29.0,Female,Bachelor'S,Junior Business Development Associate,1.5,35000.0
35.0,Male,Bachelor'S,Senior Financial Manager,9.0,100000.0
44.0,Female,Phd,Senior Product Designer,15.0,150000.0
33.0,Male,Bachelor'S,Junior Business Analyst,4.0,60000.0
44.0,Male,Bachelor'S,Senior Software Engineer,13.0,130000.0
32.0,Male,Bachelor'S,Junior Product Manager,4.0,65000.0
38.0,Female,Bachelor'S,Senior Business Analyst,10.0,110000.0
49.0,Male,Phd,Director Of Operations,21.0,180000.0
29.0,Female,Bachelor'S,Junior Marketing Specialist,2.0,40000.0
35.0,Male,Bachelor'S,Senior Business Development Manager,7.0,90000.0
45.0,Female,Master'S,Senior Hr Manager,14.0,140000.0
33.0,Male,Bachelor'S,Junior Financial Analyst,4.0,60000.0
40.0,Female,Bachelor'S,Senior Marketing Manager,12.0,130000.0
44.0,Male,Phd,Senior Data Scientist,16.0,160000.0
30.0,Female,Bachelor'S,Junior Operations Coordinator,2.0,40000.0
37.0,Male,Bachelor'S,Senior Marketing Analyst,9.0,100000.0
48.0,Female,Master'S,Director Of Hr,20.0,180000.0
31.0,Male,Bachelor'S,Junior Project Manager,3.0,55000.0
38.0,Female,Bachelor'S,Senior Operations Coordinator,9.0,120000.0
33.0,Female,Bachelor'S,Junior Marketing Manager,5.0,70000.0
36.0,Male,Bachelor'S,Senior Business Analyst,8.0,95000.0
42.0,Female,Bachelor'S,Senior Project Manager,12.0,120000.0
34.0,Female,Master'S,Senior Financial Advisor,6.0,80000.0
30.0,Female,Bachelor'S,Junior Hr Coordinator,2.0,40000.0
37.0,Male,Bachelor'S,Senior Business Development Manager,10.0,120000.0
45.0,Female,Master'S,Senior Marketing Manager,16.0,160000.0
32.0,Male,Bachelor'S,Junior Financial Advisor,4.0,65000.0
39.0,Female,Bachelor'S,Senior Project Manager,12.0,130000.0
47.0,Male,Phd,Director Of Engineering,20.0,180000.0
29.0,Female,Bachelor'S,Junior Marketing Analyst,2.0,40000.0
36.0,Male,Bachelor'S,Senior Operations Manager,9.0,100000.0
43.0,Female,Phd,Senior Data Scientist,15.0,150000.0
32.0,Male,Bachelor'S,Junior Marketing Coordinator,3.0,55000.0
48.0,Male,Master'S,Director Of Marketing,21.0,180000.0
31.0,Female,Bachelor'S,Junior Business Development Associate,3.0,50000.0
40.0,Male,Bachelor'S,Senior Financial Analyst,12.0,130000.0
45.0,Female,Phd,Senior Ux Designer,16.0,160000.0
33.0,Male,Bachelor'S,Junior Product Manager,4.0,60000.0
36.0,Female,Bachelor'S,Senior Marketing Manager,8.0,95000.0
47.0,Male,Master'S,Director Of Operations,19.0,170000.0
29.0,Female,Bachelor'S,Junior Project Manager,2.0,40000.0
34.0,Male,Bachelor'S,Senior Operations Coordinator,7.0,90000.0
44.0,Female,Phd,Senior Business Analyst,15.0,150000.0
33.0,Male,Bachelor'S,Junior Marketing Specialist,5.0,70000.0
35.0,Female,Bachelor'S,Senior Financial Manager,8.0,90000.0
43.0,Male,Master'S,Director Of Marketing,18.0,170000.0
31.0,Female,Bachelor'S,Junior Financial Analyst,3.0,50000.0
41.0,Male,Bachelor'S,Senior Product Manager,14.0,150000.0
44.0,Female,Phd,Senior Data Engineer,16.0,160000.0
45.0,Male,Master'S,Director Of Engineering,19.0,180000.0
28.0,Female,Bachelor'S,Junior Operations Manager,1.0,35000.0
36.0,Male,Bachelor'S,Senior Business Development Manager,8.0,110000.0
44.0,Female,Phd,Senior Data Scientist,16.0,160000.0
31.0,Male,Bachelor'S,Junior Marketing Coordinator,3.0,55000.0
43.0,Male,Master'S,Director Of Operations,19.0,170000.0
31.0,Male,Master'S,Data Scientist,6.0,160000.0
28.0,Female,Bachelor'S,Software Engineer,3.0,125000.0
26.0,Male,Master'S,Product Manager,2.0,120000.0
27.0,Female,Bachelor'S,Data Analyst,2.0,110000.0
30.0,Male,Phd,Data Scientist,5.0,180000.0
29.0,Female,Bachelor'S,Software Engineer,4.0,140000.0
32.0,Male,Bachelor'S,Product Manager,7.0,170000.0
25.0,Female,Master'S,Data Analyst,1.0,100000.0
33.0,Male,Phd,Data Scientist,8.0,190000.0
31.0,Female,Bachelor'S,Software Engineer,6.0,155000.0
28.0,Male,Master'S,Product Manager,3.0,130000.0
30.0,Female,Bachelor'S,Data Analyst,5.0,145000.0
27.0,Male,Phd,Data Scientist,2.0,115000.0
34.0,Male,Bachelor'S,Product Manager,9.0,185000.0
28.0,Male,Bachelor'S,Software Engineer,3.0,125000.0
26.0,Female,Master'S,Product Manager,2.0,120000.0
27.0,Male,Bachelor'S,Data Analyst,2.0,110000.0
30.0,Female,Phd,Data Scientist,5.0,180000.0
29.0,Male,Bachelor'S,Software Engineer,4.0,140000.0
26.0,Male,Bachelor'S,Data Analyst,3.0,130000.0
29.0,Female,Master'S,Data Scientist,6.0,180000.0
32.0,Male,Bachelor'S,Software Engineer,8.0,190000.0
27.0,Female,Bachelor'S,Product Manager,4.0,150000.0
24.0,Male,Bachelor'S,Data Analyst,1.0,90000.0
31.0,Female,Master'S,Data Scientist,9.0,195000.0
28.0,Male,Bachelor'S,Software Engineer,5.0,160000.0
33.0,Female,Master'S,Product Manager,11.0,198000.0
25.0,Male,Bachelor'S,Data Analyst,2.0,110000.0
30.0,Female,Phd,Data Scientist,7.0,185000.0
27.0,Male,Bachelor'S,Software Engineer,4.0,140000.0
34.0,Female,Master'S,Product Manager,12.0,196000.0
23.0,Male,Bachelor'S,Data Analyst,1.0,95000.0
32.0,Female,Phd,Data Scientist,10.0,193000.0
29.0,Male,Bachelor'S,Software Engineer,6.0,175000.0
30.0,Female,Bachelor'S,Product Manager,5.0,160000.0
31.0,Female,Master'S,Data Scientist,6.0,180000.0
31.0,Male,Bachelor'S,Data Analyst,9.0,195000.0
28.0,Female,Bachelor'S,Software Engineer,5.0,160000.0
33.0,Male,Master'S,Product Manager,11.0,198000.0
26.0,Female,Bachelor'S,Data Analyst,3.0,130000.0
30.0,Male,Phd,Data Scientist,7.0,185000.0
27.0,Female,Bachelor'S,Software Engineer,4.0,140000.0
34.0,Male,Master'S,Product Manager,12.0,196000.0
25.0,Female,Bachelor'S,Data Analyst,2.0,110000.0
30.0,Male,Bachelor'S,Data Analyst,5.0,160000.0
31.0,Female,Phd,Data Scientist,9.0,195000.0
25.0,Male,Bachelor'S,Data Analyst,2.0,125000.0
28.0,Female,Master'S,Data Scientist,6.0,175000.0
30.0,Male,Bachelor'S,Software Engineer,8.0,190000.0
24.0,Male,Bachelor'S,Data Analyst,1.0,95000.0
31.0,Male,Master'S,Data Scientist,9.0,195000.0
23.0,Male,Bachelor'S,Data Analyst,1.0,90000.0
29.0,Male,Bachelor'S,Software Engineer,6.0,170000.0
26.0,Male,Bachelor'S,Data Analyst,3.0,135000.0
25.0,Male,Bachelor'S,Data Analyst,2.0,115000.0
27.0,Female,Master'S,Data Scientist,4.0,150000.0
24.0,Female,Bachelor'S,Product Manager,3.0,125000.0
31.0,Male,Master'S,Data Scientist,7.0,180000.0
33.0,Female,Master'S,Product Manager,10.0,195000.0
30.0,Female,Phd,Data Scientist,6.0,170000.0
34.0,Female,Master'S,Product Manager,11.0,196000.0
23.0,Male,Bachelor'S,Data Analyst,1.0,92000.0
32.0,Female,Phd,Data Scientist,9.0,195000.0
28.0,Male,Bachelor'S,Software Engineer,5.0,165000.0
25.0,Male,Bachelor'S,Data Analyst,3.0,135000.0
33.0,Female,Master'S,Product Manager,11.0,196000.0
24.0,Male,Bachelor'S,Data Analyst,1.0,92000.0
32.0,Male,Bachelor'S,Data Analyst,5.0,135000.0
27.0,Female,Master'S,Data Scientist,3.0,180000.0
40.0,Male,Bachelor'S,Software Engineer,12.0,195000.0
35.0,Female,Bachelor'S,Product Manager,8.0,165000.0
43.0,Male,Master'S,Data Scientist,15.0,198000.0
29.0,Female,Bachelor'S,Software Engineer,4.0,150000.0
36.0,Male,Bachelor'S,Data Analyst,9.0,162000.0
31.0,Male,Master'S,Data Scientist,6.0,175000.0
42.0,Female,Bachelor'S,Software Engineer,13.0,197000.0
33.0,Male,Bachelor'S,Data Analyst,7.0,142000.0
29.0,Female,Master'S,Data Scientist,4.0,182000.0
41.0,Male,Bachelor'S,Software Engineer,11.0,185000.0
35.0,Female,Bachelor'S,Product Manager,8.0,170000.0
27.0,Male,Bachelor'S,Software Engineer,4.0,160000.0
32.0,Male,Bachelor'S,Data Scientist,8.0,180000.0
29.0,Female,Master'S,Data Analyst,6.0,150000.0
30.0,Male,Bachelor'S,Data Analyst,5.0,140000.0
24.0,Male,Bachelor'S,Data Analyst,2.0,100000.0
33.0,Female,Master'S,Product Manager,11.0,190000.0
26.0,Male,Bachelor'S,Data Analyst,3.0,120000.0
30.0,Female,Phd,Data Scientist,7.0,170000.0
31.0,Male,Bachelor'S,Data Analyst,9.0,190000.0
28.0,Female,Bachelor'S,Software Engineer,5.0,150000.0
26.0,Female,Bachelor'S,Data Analyst,3.0,120000.0
30.0,Male,Phd,Data Scientist,7.0,170000.0
27.0,Female,Bachelor'S,Product Manager,4.0,130000.0
24.0,Male,Bachelor'S,Data Analyst,2.0,95000.0
33.0,Male,Master'S,Product Manager,11.0,195000.0
25.0,Male,Bachelor'S,Data Analyst,2.0,100000.0
28.0,Male,Bachelor'S,Software Engineer,5.0,150000.0
29.0,Female,Master'S,Data Scientist,6.0,150000.0
33.0,Female,Master'S,Product Manager,11.0,195000.0
31.0,Female,Master'S,Data Scientist,6.0,170000.0
32.0,Male,Bachelor'S,Software Engineer,8.0,180000.0
34.0,Female,Master'S,Product Manager,12.0,190000.0
25.0,Female,Bachelor'S,Data Analyst,2.0,100000.0
29.0,Male,Bachelor'S,Software Engineer,7.0,180000.0
27.0,Female,Bachelor'S,Data Analyst,5.0,120000.0
33.0,Male,Master'S,Data Scientist,10.0,195000.0
28.0,Male,Bachelor'S,Software Engineer,4.0,160000.0
26.0,Female,Bachelor'S,Data Analyst,3.0,100000.0
31.0,Male,Bachelor'S,Product Manager,8.0,190000.0
30.0,Male,Master'S,Software Engineer,6.0,170000.0
32.0,Female,Bachelor'S,Data Scientist,9.0,185000.0
29.0,Male,Bachelor'S,Data Analyst,7.0,130000.0
35.0,Female,Bachelor'S,Product Manager,12.0,190000.0
27.0,Male,Bachelor'S,Software Engineer,5.0,150000.0
28.0,Female,Master'S,Data Scientist,6.0,150000.0
37.0,Male,Phd,Product Manager,14.0,195000.0
26.0,Male,Bachelor'S,Data Analyst,3.0,110000.0
30.0,Female,Bachelor'S,Software Engineer,8.0,180000.0
31.0,Male,Master'S,Data Scientist,9.0,185000.0
29.0,Female,Bachelor'S,Data Analyst,7.0,130000.0
32.0,Male,Bachelor'S,Software Engineer,10.0,190000.0
28.0,Female,Master'S,Data Scientist,6.0,155000.0
34.0,Male,Bachelor'S,Software Engineer,12.0,195000.0
25.0,Female,Bachelor'S,Data Analyst,2.0,90000.0
30.0,Male,Bachelor'S,Product Manager,8.0,185000.0
29.0,Female,Bachelor'S,Data Analyst,6.0,120000.0
31.0,Male,Bachelor'S,Software Engineer,9.0,180000.0
27.0,Female,Bachelor'S,Data Analyst,5.0,125000.0
28.0,Male,Bachelor'S,Senior Software Engineer,7.0,175000.0
44.0,Male,Phd,Software Engineer Manager,18.0,190000.0
33.0,Female,Master'S,Back End Developer,5.0,110000.0
50.0,Male,Phd,Senior Project Engineer,16.0,195000.0
27.0,Female,Master'S,Full Stack Engineer,3.0,100000.0
25.0,Male,Bachelor'S,Front End Developer,1.0,60000.0
35.0,Male,Master'S,Senior Software Engineer,8.0,155000.0
47.0,Female,Phd,Full Stack Engineer,12.0,175000.0
46.0,Female,Master'S,Senior Project Engineer,13.0,180000.0
32.0,Male,Bachelor'S,Back End Developer,4.0,95000.0
61.0,Male,Phd,Software Engineer Manager,20.0,200000.0
41.0,Male,Master'S,Senior Software Engineer,11.0,165000.0
37.0,Male,Master'S,Senior Project Engineer,9.0,145000.0
53.0,Male,Phd,Software Engineer Manager,19.0,195000.0
30.0,Female,Bachelor'S,Front End Developer,2.0,75000.0
26.0,Female,Master'S,Back End Developer,3.0,90000.0
37.0,Female,Master'S,Senior Software Engineer,9.0,155000.0
32.0,Male,Bachelor'S,Full Stack Engineer,5.0,115000.0
44.0,Female,Master'S,Senior Software Engineer,12.0,170000.0
50.0,Female,Phd,Software Engineer Manager,16.0,190000.0
27.0,Male,Bachelor'S,Senior Project Engineer,4.0,115000.0
42.0,Male,Phd,Full Stack Engineer,14.0,180000.0
57.0,Male,Phd,Software Engineer Manager,18.0,195000.0
35.0,Male,Master'S,Senior Software Engineer,7.0,140000.0
62.0,Male,Phd,Software Engineer Manager,19.0,200000.0
26.0,Female,Master'S,Back End Developer,2.0,70000.0
42.0,Female,Master'S,Senior Project Engineer,11.0,170000.0
41.0,Female,Phd,Software Engineer Manager,14.0,185000.0
36.0,Female,Master'S,Full Stack Engineer,8.0,140000.0
49.0,Male,Phd,Software Engineer Manager,15.0,185000.0
49.0,Male,Phd,Senior Project Engineer,15.0,185000.0
47.0,Male,Phd,Software Engineer Manager,15.0,180000.0
47.0,Male,Phd,Senior Software Engineer,14.0,175000.0
26.0,Male,Bachelor'S,Front End Developer,2.0,70000.0
24.0,Female,Bachelor'S,Back End Developer,1.0,60000.0
62.0,Male,Phd,Software Engineer Manager,20.0,200000.0
42.0,Male,Phd,Senior Software Engineer,14.0,170000.0
41.0,Female,Master'S,Senior Project Engineer,11.0,165000.0
23.0,Male,Bachelor'S,Full Stack Engineer,1.0,55000.0
55.0,Male,Phd,Software Engineer Manager,17.0,190000.0
33.0,Female,Bachelor'S,Front End Developer,5.0,105000.0
31.0,Male,Master'S,Full Stack Engineer,6.0,130000.0
50.0,Female,Phd,Software Engineer Manager,16.0,185000.0
24.0,Female,Master'S,Back End Developer,1.0,60000.0
56.0,Male,Phd,Software Engineer Manager,17.0,195000.0
24.0,Male,Bachelor'S,Front End Developer,1.0,60000.0
37.0,Male,Master'S,Senior Software Engineer,8.0,150000.0
43.0,Female,Phd,Senior Project Engineer,13.0,180000.0
34.0,Male,Master'S,Back End Developer,6.0,125000.0
45.0,Male,Phd,Software Engineer Manager,15.0,185000.0
29.0,Male,Bachelor'S,Full Stack Engineer,3.0,90000.0
29.0,Male,Bachelor'S,Front End Developer,3.0,80000.0
29.0,Female,Bachelor'S,Back End Developer,3.0,85000.0
48.0,Male,Phd,Senior Project Engineer,16.0,190000.0
43.0,Female,Master'S,Software Engineer Manager,11.0,160000.0
54.0,Male,Phd,Software Engineer Manager,17.0,195000.0
60.0,Male,Phd,Software Engineer Manager,18.0,195000.0
54.0,Female,Phd,Software Engineer Manager,14.0,190000.0
27.0,Female,Master'S,Full Stack Engineer,3.0,95000.0
23.0,Male,Bachelor'S,Back End Developer,1.0,55000.0
45.0,Male,Phd,Senior Software Engineer,13.0,185000.0
32.0,Female,Master'S,Full Stack Engineer,5.0,120000.0
57.0,Male,Phd,Software Engineer Manager,16.0,195000.0
47.0,Male,Phd,Software Engineer Manager,14.0,175000.0
25.0,Female,Master'S,Back End Developer,2.0,75000.0
58.0,Male,Phd,Software Engineer Manager,17.0,200000.0
41.0,Female,Master'S,Senior Software Engineer,12.0,160000.0
41.0,Male,Phd,Software Engineer Manager,12.0,175000.0
47.0,Male,Phd,Senior Software Engineer,15.0,180000.0
32.0,Male,Bachelor'S,Full Stack Engineer,5.0,120000.0
45.0,Male,Phd,Senior Project Engineer,14.0,185000.0
53.0,Male,Phd,Software Engineer Manager,18.0,195000.0
47.0,Female,Phd,Senior Software Engineer,14.0,170000.0
23.0,Male,Bachelor'S,Front End Developer,1.0,55000.0
33.0,Male,Master'S,Back End Developer,6.0,130000.0
42.0,Male,Phd,Software Engineer Manager,14.0,180000.0
37.0,Male,Master'S,Senior Software Engineer,9.0,145000.0
44.0,Female,Master'S,Senior Project Engineer,12.0,170000.0
38.0,Female,Master'S,Back End Developer,10.0,155000.0
34.0,Male,Master'S,Full Stack Engineer,6.0,125000.0
46.0,Female,Phd,Software Engineer Manager,14.0,180000.0
30.0,Male,Bachelor'S,Back End Developer,4.0,95000.0
44.0,Female,Master'S,Senior Software Engineer,11.0,170000.0
42.0,Male,Phd,Senior Project Engineer,14.0,175000.0
27.0,Male,Bachelor'S,Front End Developer,3.0,80000.0
54.0,Male,Phd,Software Engineer Manager,18.0,195000.0
38.0,Male,Master'S,Senior Software Engineer,10.0,155000.0
31.0,Male,Master'S,Senior Project Engineer,6.0,125000.0
28.0,Female,Master'S,Full Stack Engineer,4.0,110000.0
30.0,Female,Master'S,Back End Developer,6.0,130000.0
54.0,Male,Phd,Software Engineer Manager,16.0,190000.0
37.0,Male,Master'S,Senior Software Engineer,9.0,150000.0
31.0,Male,Master'S,Senior Software Engineer,7.0,140000.0
58.0,Female,Phd,Software Engineer Manager,17.0,195000.0
23.0,Female,Bachelor'S,Back End Developer,1.0,55000.0
52.0,Female,Phd,Software Engineer Manager,16.0,190000.0
32.0,Female,Master'S,Full Stack Engineer,6.0,130000.0
32.0,Male,Master'S,Back End Developer,6.0,130000.0
34.0,Male,Master'S,Full Stack Engineer,7.0,140000.0
28.0,Male,Bachelor'S,Front End Developer,2.0,70000.0
44.0,Male,Master'S,Senior Project Engineer,11.0,170000.0
46.0,Male,Phd,Software Engineer Manager,14.0,180000.0
27.0,Female,Master'S,Back End Developer,2.0,70000.0
23.0,Female,Bachelor'S,Front End Developer,1.0,55000.0
43.0,Male,Phd,Software Engineer Manager,13.0,180000.0
28.0,Female,Bachelor'S,Front End Developer,2.0,70000.0
43.0,Male,Master'S,Senior Project Engineer,12.0,165000.0
43.0,Male,Phd,Senior Project Engineer,13.0,185000.0
36.0,Male,Master'S,Senior Software Engineer,7.0,140000.0
28.0,Female,Bachelor'S,Front End Developer,3.0,80000.0
28.0,Female,Master'S,Back End Developer,3.0,90000.0
43.0,Male,Phd,Senior Software Engineer,12.0,170000.0
44.0,Male,Phd,Senior Project Engineer,12.0,170000.0
37.0,Male,Master'S,Senior Software Engineer,10.0,155000.0
56.0,Male,Phd,Software Engineer Manager,18.0,195000.0
27.0,Male,Bachelor'S,Front End Developer,2.0,70000.0
31.0,Male,Master'S,Full Stack Engineer,7.0,140000.0
50.0,Male,Phd,Software Engineer Manager,16.0,190000.0
33.0,Male,Master'S,Full Stack Engineer,6.0,130000.0
41.0,Male,Phd,Senior Project Engineer,12.0,165000.0
24.0,Female,Bachelor'S,Front End Developer,1.0,55000.0
43.0,Male,Phd,Senior Project Engineer,12.0,165000.0
58.0,Male,Phd,Software Engineer Manager,17.0,195000.0
29.0,Female,Bachelor'S,Front End Developer,3.0,85000.0
52.0,Male,Phd,Software Engineer Manager,18.0,200000.0
36.0,Male,Master'S,Full Stack Engineer,8.0,140000.0
26.0,Male,Bachelor'S,Back End Developer,2.0,65000.0
47.0,Male,Phd,Senior Project Engineer,16.0,190000.0
32.0,Male,Master'S,Full Stack Engineer,6.0,120000.0
57.0,Male,Phd,Software Engineer Manager,18.0,200000.0
51.0,Male,Phd,Software Engineer Manager,16.0,190000.0
27.0,Female,Master'S,Back End Developer,2.0,65000.0
36.0,Male,Master'S,Full Stack Engineer,7.0,130000.0
33.0,Female,Master'S,Full Stack Engineer,5.0,120000.0
25.0,Male,Bachelor'S,Front End Developer,1.0,55000.0
40.0,Male,Phd,Senior Software Engineer,12.0,160000.0
36.0,Male,Master'S,Senior Software Engineer,8.0,140000.0
31.0,Male,Master'S,Senior Project Engineer,7.0,135000.0
24.0,Male,Bachelor'S,Back End Developer,1.0,55000.0
34.0,Male,Bachelor'S,Front End Developer,5.0,95000.0
43.0,Female,Master'S,Senior Software Engineer,12.0,170000.0
27.0,Male,Bachelor'S,Back End Developer,2.0,75000.0
56.0,Female,Phd,Software Engineer Manager,18.0,210000.0
32.0,Male,Master'S,Full Stack Engineer,7.0,135000.0
46.0,Male,Phd,Senior Project Engineer,16.0,190000.0
41.0,Female,Phd,Senior Project Engineer,11.0,165000.0
34.0,Male,Bachelor'S,Back End Developer,6.0,120000.0
40.0,Female,Phd,Senior Software Engineer,12.0,160000.0
24.0,Male,Bachelor'S,Front End Developer,1.0,55000.0
36.0,Male,Bachelor'S,Front End Developer,7.0,120000.0
29.0,Female,Master'S,Back End Developer,3.0,90000.0
41.0,Female,Phd,Software Engineer Manager,14.0,180000.0
33.0,Male,Bachelor'S,Full Stack Engineer,7.0,130000.0
42.0,Male,Phd,Senior Software Engineer,12.0,170000.0
28.0,Male,Bachelor'S,Back End Developer,2.0,70000.0
55.0,Male,Phd,Software Engineer Manager,18.0,210000.0
26.0,Female,Master'S,Front End Developer,1.0,55000.0
44.0,Female,Phd,Software Engineer Manager,11.0,165000.0
30.0,Male,Master'S,Full Stack Engineer,5.0,105000.0
39.0,Female,Master'S,Senior Software Engineer,11.0,160000.0
32.0,Male,Bachelor'S,Front End Developer,6.0,110000.0
50.0,Male,Phd,Software Engineer Manager,17.0,195000.0
27.0,Male,Bachelor'S,Back End Developer,3.0,85000.0
46.0,Male,Phd,Senior Project Engineer,14.0,180000.0
25.0,Female,Bachelor'S,Front End Developer,1.0,55000.0
35.0,Male,Bachelor'S,Back End Developer,8.0,140000.0
35.0,Male,Bachelor'S,Full Stack Engineer,8.0,145000.0
41.0,Male,Phd,Senior Project Engineer,13.0,185000.0
33.0,Male,Bachelor'S,Front End Developer,6.0,110000.0
31.0,Male,Bachelor'S,Front End Developer,6.0,115000.0
42.0,Female,Master'S,Software Engineer Manager,13.0,170000.0
27.0,Female,Bachelor'S,Back End Developer,3.0,80000.0
51.0,Male,Phd,Senior Project Engineer,19.0,200000.0
34.0,Female,Master'S,Full Stack Engineer,7.0,130000.0
38.0,Male,Bachelor'S,Software Engineer Manager,11.0,155000.0
29.0,Male,Bachelor'S,Front End Developer,5.0,105000.0
43.0,Female,Phd,Senior Project Engineer,14.0,190000.0
36.0,Male,Master'S,Back End Developer,8.0,140000.0
48.0,Male,Phd,Software Engineer Manager,16.0,185000.0
35.0,Female,Bachelor'S,Full Stack Engineer,8.0,145000.0
30.0,Female,Master'S,Front End Developer,4.0,90000.0
50.0,Male,Phd,Senior Project Engineer,18.0,195000.0
29.0,Male,Bachelor'S,Back End Developer,4.0,95000.0
41.0,Male,Master'S,Software Engineer Manager,13.0,170000.0
33.0,Female,Bachelor'S,Full Stack Engineer,6.0,115000.0
45.0,Male,Phd,Senior Project Engineer,16.0,185000.0
28.0,Female,Bachelor'S,Front End Developer,2.0,65000.0
39.0,Female,Master'S,Software Engineer Manager,12.0,160000.0
30.0,Male,Bachelor'S,Back End Developer,5.0,100000.0
46.0,Male,Phd,Senior Project Engineer,15.0,180000.0
42.0,Male,Phd,Software Engineer Manager,14.0,190000.0
31.0,Male,Bachelor'S,Full Stack Engineer,6.0,115000.0
49.0,Female,Phd,Senior Project Engineer,17.0,195000.0
36.0,Male,Master'S,Back End Developer,9.0,150000.0
45.0,Male,Phd,Software Engineer Manager,16.0,185000.0
25.0,Female,Bachelor'S,Front End Developer,1.0,550.0
29.0,Male,Bachelor'S,Front End Developer,4.0,90000.0
40.0,Female,Master'S,Software Engineer Manager,12.0,160000.0
33.0,Female,Master'S,Full Stack Engineer,6.0,115000.0
37.0,Male,Bachelor'S,Software Engineer Manager,10.0,150000.0
28.0,Male,Bachelor'S,Front End Developer,2.0,65000.0
44.0,Female,Phd,Senior Project Engineer,14.0,190000.0
35.0,Male,Master'S,Back End Developer,8.0,140000.0
47.0,Male,Phd,Software Engineer Manager,16.0,185000.0
34.0,Female,Bachelor'S,Full Stack Engineer,7.0,130000.0
31.0,Female,Master'S,Front End Developer,5.0,105000.0
42.0,Male,Master'S,Software Engineer Manager,13.0,170000.0
29.0,Female,Bachelor'S,Front End Developer,4.0,90000.0
27.0,Male,Bachelor'S,Back End Developer,3.0,80000.0
49.0,Male,Phd,Senior Project Engineer,17.0,195000.0
32.0,Female,Master'S,Full Stack Engineer,6.0,115000.0
36.0,Male,Bachelor'S,Software Engineer Manager,8.0,135000.0
27.0,Male,Bachelor'S,Front End Developer,2.0,65000.0
34.0,Male,Master'S,Back End Developer,8.0,140000.0
46.0,Male,Phd,Software Engineer Manager,16.0,185000.0
33.0,Female,Bachelor'S,Full Stack Engineer,7.0,130000.0
30.0,Female,Master'S,Front End Developer,5.0,105000.0
50.0,Male,Phd,Senior Project Engineer,19.0,200000.0
27.0,Male,Bachelor'S,Developer,7.0,100000.0
31.0,Female,Bachelor'S,Front End Developer,6.0,110000.0
37.0,Male,Master'S,Software Engineer Manager,10.0,150000.0
31.0,Male,Master'S,Software Engineer Manager,8.0,130000.0
43.0,Male,Phd,Senior Project Engineer,15.0,180000.0
35.0,Female,Master'S,Full Stack Engineer,8.0,140000.0
42.0,Male,Bachelor'S,Software Engineer Manager,12.0,160000.0
28.0,Female,Bachelor'S,Front End Developer,2.0,55000.0
44.0,Female,Phd,Senior Project Engineer,16.0,190000.0
32.0,Male,Master'S,Back End Developer,7.0,120000.0
48.0,Male,Phd,Software Engineer Manager,18.0,200000.0
30.0,Female,Bachelor'S,Full Stack Engineer,5.0,100000.0
34.0,Male,Master'S,Front End Developer,9.0,150000.0
37.0,Female,Bachelor'S,Software Engineer Manager,11.0,170000.0
49.0,Female,Phd,Senior Project Engineer,19.0,210000.0
29.0,Male,Bachelor'S,Full Stack Engineer,4.0,90000.0
41.0,Male,Master'S,Software Engineer Manager,14.0,180000.0
46.0,Female,Phd,Senior Project Engineer,16.0,185000.0
30.0,Male,Master'S,Front End Developer,5.0,105000.0
50.0,Male,Phd,Software Engineer Manager,20.0,210000.0
31.0,Male,Bachelor'S,Back End Developer,6.0,95000.0
39.0,Female,Master'S,Software Engineer Manager,11.0,170000.0
48.0,Male,Phd,Software Engineer Manager,19.0,200000.0
28.0,Male,Bachelor'S,Software Engineer,4.0,75000.0
33.0,Female,Master'S,Data Analyst,7.0,95000.0
22.0,Male,Bachelor'S,Front End Developer,1.0,50000.0
44.0,Male,Phd,Senior Data Scientist,15.0,180000.0
29.0,Female,Bachelor'S,Software Developer,3.0,65000.0
31.0,Male,Master'S,Product Manager,6.0,120000.0
25.0,Female,Master'S,Software Engineer,2.0,60000.0
38.0,Male,Bachelor'S,Data Scientist,10.0,150000.0
27.0,Male,Bachelor'S,Software Engineer,3.0,70000.0
46.0,Female,Phd,Director Of Data Science,20.0,220000.0
33.0,Male,Master'S,Data Analyst,8.0,100000.0
24.0,Female,Bachelor'S,Software Developer,2.0,55000.0
36.0,Male,Phd,Senior Data Scientist,12.0,170000.0
30.0,Female,Bachelor'S,Software Engineer,5.0,90000.0
29.0,Male,Bachelor'S,Front End Developer,4.0,80000.0
42.0,Male,Master'S,Product Manager,14.0,180000.0
26.0,Male,Bachelor'S,Software Developer,2.0,60000.0
35.0,Female,Master'S,Data Analyst,9.0,120000.0
27.0,Female,Bachelor'S,Software Engineer,3.0,70000.0
48.0,Male,Phd,Director Of Data Science,18.0,210000.0
34.0,Male,Master'S,Data Scientist,9.0,140000.0
23.0,Female,Bachelor'S,Software Engineer,1.0,50000.0
32.0,Male,Master'S,Product Manager,7.0,110000.0
37.0,Male,Bachelor'S,Data Analyst,11.0,160000.0
41.0,Female,Phd,Director Of Data Science,16.0,200000.0
34.0,Male,Master'S,Data Analyst,8.0,100000.0
34.0,Female,Bachelor'S,Full Stack Engineer,8.0,122485.0
25.0,Male,Phd,Software Engineer Manager,12.0,169159.0
43.0,Male,Master'S,Senior Software Engineer,21.0,187081.0
53.0,Other,High School,Senior Project Engineer,31.0,166109.0
27.0,Female,Master'S,Front End Developer,5.0,78354.0
25.0,Male,Bachelor'S,Back End Developer,2.0,90249.0
29.0,Female,Master'S,Senior Software Engineer,6.0,132720.0
52.0,Male,Phd,Software Engineer Manager,23.0,161568.0
41.0,Male,Master'S,Front End Developer,13.0,127346.0
49.0,Female,Bachelor'S,Back End Developer,19.0,120177.0
25.0,Other,High School,Full Stack Engineer,2.0,69032.0
35.0,Male,Master'S,Senior Project Engineer,8.0,101332.0
57.0,Female,Phd,Full Stack Engineer,30.0,121450.0
35.0,Female,Bachelor'S,Senior Project Engineer,12.0,166375.0
43.0,Male,Master'S,Senior Software Engineer,21.0,185119.0
37.0,Female,Bachelor'S,Full Stack Engineer,10.0,149217.0
50.0,Male,Master'S,Software Engineer Manager,21.0,166512.0
52.0,Female,Master'S,Senior Software Engineer,28.0,186963.0
26.0,Male,Bachelor'S,Back End Developer,3.0,75072.0
34.0,Female,Master'S,Full Stack Engineer,10.0,163398.0
30.0,Male,High School,Senior Project Engineer,11.0,103947.0
60.0,Female,Phd,Software Engineer Manager,33.0,179180.0
50.0,Male,Bachelor'S,Back End Developer,23.0,175966.0
58.0,Male,Master'S,Senior Software Engineer,27.0,190004.0
35.0,Female,Master'S,Full Stack Engineer,10.0,152039.0
28.0,Male,Master'S,Front End Developer,5.0,76742.0
57.0,Female,Phd,Software Engineer Manager,33.0,191790.0
46.0,Female,Bachelor'S,Senior Software Engineer,20.0,139398.0
28.0,Male,High School,Back End Developer,7.0,95845.0
34.0,Male,Master'S,Full Stack Engineer,12.0,160976.0
33.0,Female,Master'S,Senior Project Engineer,9.0,126753.0
37.0,Other,Master'S,Full Stack Engineer,14.0,161393.0
33.0,Male,Master'S,Senior Software Engineer,8.0,139817.0
53.0,Male,Phd,Software Engineer Manager,25.0,181714.0
35.0,Female,Bachelor'S,Back End Developer,10.0,114776.0
30.0,Male,Master'S,Full Stack Engineer,6.0,105725.0
24.0,Female,High School,Senior Project Engineer,1.0,52731.0
36.0,Male,Master'S,Front End Developer,8.0,106492.0
27.0,Female,Bachelor'S,Full Stack Engineer,4.0,73895.0
23.0,Male,Phd,Software Engineer Manager,1.0,119836.0
28.0,Female,Master'S,Senior Software Engineer,5.0,99747.0
52.0,Male,Bachelor'S,Back End Developer,25.0,168287.0
28.0,Female,Master'S,Full Stack Engineer,7.0,115920.0
32.0,Male,Master'S,Senior Project Engineer,11.0,128078.0
24.0,Female,Bachelor'S,Front End Developer,1.0,51265.0
43.0,Male,High School,Senior Software Engineer,22.0,165919.0
60.0,Female,Phd,Software Engineer Manager,34.0,188651.0
24.0,Male,Master'S,Back End Developer,0.0,55538.0
55.0,Male,Bachelor'S,Senior Project Engineer,28.0,193964.0
29.0,Female,Master'S,Full Stack Engineer,4.0,104702.0
44.0,Male,Phd,Software Engineer Manager,19.0,172955.0
40.0,Female,Master'S,Senior Software Engineer,16.0,138032.0
27.0,Male,Bachelor'S,Back End Developer,4.0,82683.0
43.0,Male,Master'S,Full Stack Engineer,17.0,155414.0
49.0,Female,High School,Senior Project Engineer,25.0,154207.0
30.0,Male,Master'S,Front End Developer,8.0,107895.0
42.0,Female,Bachelor'S,Senior Software Engineer,18.0,148446.0
26.0,Male,Master'S,Full Stack Engineer,4.0,102859.0
41.0,Female,Phd,Software Engineer Manager,13.0,138662.0
46.0,Male,Bachelor'S,Senior Project Engineer,23.0,181699.0
57.0,Female,Master'S,Full Stack Engineer,33.0,188232.0
22.0,Female,High School,Back End Developer,0.0,51832.0
54.0,Male,Phd,Software Engineer Manager,28.0,188484.0
42.0,Female,Master'S,Senior Software Engineer,16.0,138286.0
49.0,Male,Bachelor'S,Full Stack Engineer,22.0,181132.0
27.0,Female,Master'S,Back End Developer,4.0,73938.0
36.0,Male,Bachelor'S,Senior Project Engineer,14.0,119224.0
31.0,Female,Master'S,Full Stack Engineer,6.0,101186.0
39.0,Male,Master'S,Software Engineer Manager,14.0,142360.0
41.0,Female,Bachelor'S,Senior Project Engineer,20.0,151315.0
48.0,Male,Phd,Full Stack Engineer,23.0,181021.0
39.0,Female,Master'S,Senior Software Engineer,15.0,134641.0
48.0,Male,Bachelor'S,Front End Developer,23.0,173851.0
31.0,Other,High School,Back End Developer,8.0,104127.0
47.0,Male,Master'S,Senior Project Engineer,25.0,178859.0
29.0,Female,Phd,Full Stack Engineer,5.0,98568.0
32.0,Male,Bachelor'S,Software Engineer Manager,9.0,104661.0
38.0,Female,Master'S,Senior Software Engineer,13.0,134858.0
34.0,Male,Bachelor'S,Back End Developer,10.0,94502.0
23.0,Other,High School,Front End Developer,2.0,62852.0
36.0,Male,Bachelor'S,Front End Developer,14.0,139095.0
30.0,Female,Master'S,Senior Project Engineer,5.0,106278.0
28.0,Male,Master'S,Full Stack Engineer,4.0,90452.0
46.0,Female,Phd,Software Engineer Manager,23.0,168304.0
34.0,Male,Bachelor'S,Back End Developer,10.0,126593.0
44.0,Male,Master'S,Senior Software Engineer,19.0,152203.0
55.0,Female,Phd,Software Engineer Manager,30.0,183138.0
35.0,Male,Master'S,Full Stack Engineer,9.0,130275.0
54.0,Male,Bachelor'S,Senior Project Engineer,29.0,191915.0
23.0,Female,High School,Back End Developer,2.0,62807.0
46.0,Male,Master'S,Senior Software Engineer,21.0,174305.0
33.0,Female,Bachelor'S,Full Stack Engineer,9.0,133326.0
26.0,Male,Master'S,Front End Developer,4.0,75656.0
43.0,Female,Phd,Software Engineer Manager,19.0,155944.0
36.0,Male,Master'S,Full Stack Engineer,11.0,137775.0
23.0,Female,Bachelor'S,Senior Project Engineer,0.0,51831.0
49.0,Male,Master'S,Software Engineer Manager,22.0,182237.0
35.0,Female,Master'S,Full Stack Engineer,10.0,151901.0
31.0,Male,Bachelor'S,Back End Developer,8.0,100052.0
54.0,Other,High School,Senior Software Engineer,29.0,158254.0
43.0,Male,Master'S,Full Stack Engineer,20.0,167207.0
33.0,Female,Master'S,Senior Project Engineer,10.0,112439.0
52.0,Female,Phd,Software Engineer Manager,29.0,194214.0
28.0,Male,Bachelor'S,Full Stack Engineer,5.0,84407.0
36.0,Female,Master'S,Senior Software Engineer,13.0,139413.0
43.0,Male,Bachelor'S,Senior Project Engineer,20.0,143084.0
50.0,Female,Master'S,Full Stack Engineer,25.0,192344.0
24.0,Male,Phd,Software Engineer Manager,1.0,106132.0
52.0,Male,Master'S,Senior Software Engineer,26.0,184816.0
46.0,Female,Bachelor'S,Back End Developer,19.0,150248.0
38.0,Male,Master'S,Full Stack Engineer,15.0,170995.0
29.0,Male,Bachelor'S,Senior Project Engineer,6.0,88035.0
33.0,Female,Master'S,Front End Developer,10.0,119419.0
47.0,Male,Phd,Software Engineer Manager,21.0,173582.0
45.0,Female,Master'S,Senior Software Engineer,23.0,174436.0
28.0,Male,Bachelor'S,Back End Developer,4.0,71699.0
42.0,Female,Master'S,Full Stack Engineer,14.0,163558.0
46.0,Male,Bachelor'S,Senior Project Engineer,24.0,166828.0
38.0,Female,Phd,Software Engineer Manager,15.0,144496.0
54.0,Male,Master'S,Senior Software Engineer,31.0,193746.0
33.0,Female,Master'S,Full Stack Engineer,8.0,122581.0
27.0,Male,High School,Back End Developer,4.0,79767.0
50.0,Female,Bachelor'S,Senior Project Engineer,25.0,177177.0
26.0,Male,Master'S,Full Stack Engineer,4.0,89843.0
31.0,Female,Master'S,Senior Software Engineer,6.0,113563.0
35.0,Male,Bachelor'S,Front End Developer,10.0,128712.0
44.0,Female,Phd,Software Engineer Manager,18.0,161621.0
32.0,Male,Master'S,Senior Project Engineer,8.0,121454.0
54.0,Male,Bachelor'S,Full Stack Engineer,25.0,179987.0
26.0,Female,Master'S,Front End Developer,3.0,72649.0
23.0,Male,Phd,Software Engineer Manager,0.0,52612.0
48.0,Female,Master'S,Senior Software Engineer,24.0,184006.0
38.0,Male,Bachelor'S,Back End Developer,12.0,131960.0
30.0,Female,Master'S,Full Stack Engineer,5.0,102465.0
40.0,Male,Master'S,Software Engineer Manager,16.0,149748.0
45.0,Female,Bachelor'S,Senior Project Engineer,22.0,171036.0
36.0,Male,Master'S,Full Stack Engineer,13.0,146351.0
52.0,Male,Phd,Software Engineer Manager,26.0,185462.0
31.0,Female,Bachelor'S,Senior Software Engineer,7.0,107718.0
26.0,Male,Master'S,Full Stack Engineer,4.0,90944.0
30.0,Female,Master'S,Senior Project Engineer,5.0,100425.0
24.0,Male,Bachelor'S,Back End Developer,2.0,63901.0
45.0,Male,Master'S,Senior Software Engineer,22.0,181902.0
33.0,Female,Master'S,Full Stack Engineer,9.0,136533.0
38.0,Male,Bachelor'S,Front End Developer,11.0,136285.0
54.0,Female,Phd,Software Engineer Manager,31.0,191818.0
42.0,Male,Master'S,Full Stack Engineer,19.0,176643.0
28.0,Female,Bachelor'S,Senior Project Engineer,4.0,70022.0
30.0,Male,Master'S,Front End Developer,6.0,99363.0
43.0,Female,Master'S,Senior Software Engineer,19.0,152944.0
35.0,Male,Bachelor'S,Back End Developer,10.0,123386.0
44.0,Male,Master'S,Full Stack Engineer,21.0,168906.0
55.0,Female,Bachelor'S,Senior Project Engineer,30.0,183020.0
23.0,Male,High School,Front End Developer,1.0,47898.0
39.0,Female,Master'S,Senior Software Engineer,14.0,135853.0
43.0,Male,Bachelor'S,Full Stack Engineer,17.0,149198.0
29.0,Male,Phd,Software Engineer Manager,6.0,106662.0
51.0,Male,Master'S,Senior Software Engineer,28.0,186610.0
30.0,Female,Bachelor'S,Senior Project Engineer,6.0,89995.0
26.0,Male,Master'S,Full Stack Engineer,4.0,85825.0
39.0,Female,Phd,Software Engineer Manager,13.0,143814.0
49.0,Male,Master'S,Front End Developer,24.0,174726.0
42.0,Female,Bachelor'S,Senior Software Engineer,20.0,150534.0
27.0,Male,Bachelor'S,Back End Developer,4.0,68732.0
43.0,Male,Master'S,Full Stack Engineer,21.0,187951.0
37.0,Female,Bachelor'S,Senior Project Engineer,13.0,137336.0
51.0,Male,Phd,Software Engineer Manager,26.0,191159.0
29.0,Female,Master'S,Full Stack Engineer,5.0,102868.0
43.0,Male,Bachelor'S,Senior Software Engineer,20.0,154281.0
31.0,Male,Master'S,Back End Developer,8.0,111535.0
30.0,Female,Master'S,Senior Project Engineer,6.0,107906.0
36.0,Male,Bachelor'S,Full Stack Engineer,13.0,143885.0
52.0,Female,Phd,Software Engineer Manager,27.0,180958.0
28.0,Male,Master'S,Senior Software Engineer,6.0,108607.0
49.0,Male,Bachelor'S,Back End Developer,24.0,178284.0
27.0,Female,Master'S,Front End Developer,4.0,75969.0
41.0,Male,Master'S,Senior Project Engineer,15.0,143705.0
56.0,Female,Phd,Software Engineer Manager,31.0,197354.0
46.0,Male,Bachelor'S,Senior Software Engineer,22.0,174324.0
32.0,Female,Master'S,Full Stack Engineer,8.0,123781.0
38.0,Male,Phd,Software Engineer Manager,12.0,141735.0
52.0,Male,Master'S,Senior Project Engineer,28.0,187120.0
24.0,Female,Bachelor'S,Back End Developer,1.0,61095.0
49.0,Male,Master'S,Full Stack Engineer,22.0,179045.0
35.0,Female,Master'S,Senior Software Engineer,10.0,130355.0
31.0,Male,Bachelor'S,Front End Developer,7.0,103282.0
44.0,Female,Phd,Software Engineer Manager,18.0,157872.0
33.0,Male,Master'S,Senior Project Engineer,10.0,117314.0
54.0,Male,Bachelor'S,Senior Software Engineer,30.0,186321.0
33.0,Female,Master'S,Full Stack Engineer,11.0,129686.0
27.0,Male,High School,Back End Developer,3.0,68611.0
51.0,Female,Master'S,Senior Project Engineer,25.0,177913.0
26.0,Male,Master'S,Full Stack Engineer,3.0,68472.0
31.0,Female,Master'S,Senior Software Engineer,6.0,113065.0
35.0,Male,Bachelor'S,Front End Developer,9.0,125091.0
45.0,Female,Phd,Software Engineer Manager,23.0,172925.0
32.0,Male,Master'S,Senior Project Engineer,9.0,126916.0
54.0,Male,Bachelor'S,Full Stack Engineer,27.0,183417.0
26.0,Female,Master'S,Front End Developer,4.0,76898.0
23.0,Male,Phd,Software Engineer Manager,1.0,579.0
26.0,Female,Bachelor'S,Software Engineer,2.0,65000.0
33.0,Male,Master'S,Data Analyst,8.0,120000.0
29.0,Female,Bachelor'S,Product Manager,4.0,90000.0
41.0,Male,Phd,Data Scientist,15.0,190000.0
35.0,Female,Master'S,Software Engineer,9.0,140000.0
28.0,Male,Bachelor'S,Software Developer,3.0,75000.0
37.0,Female,Master'S,Data Scientist,11.0,160000.0
33.0,Male,Bachelor'S,Product Manager,8.0,130000.0
24.0,Female,Master'S,Software Engineer,2.0,60000.0
46.0,Male,Phd,Director Of Data Science,20.0,220000.0
29.0,Female,Bachelor'S,Software Developer,5.0,80000.0
31.0,Male,Master'S,Data Scientist,7.0,130000.0
27.0,Female,Bachelor'S,Software Engineer,3.0,65000.0
38.0,Male,Phd,Senior Data Scientist,13.0,170000.0
30.0,Female,Master'S,Product Manager,6.0,110000.0
25.0,Male,Bachelor'S,Front End Developer,2.0,50000.0
44.0,Male,Phd,Director Of Data Science,18.0,210000.0
33.0,Female,Master'S,Data Analyst,8.0,100000.0
22.0,Male,Bachelor'S,Software Engineer,1.0,50000.0
36.0,Male,Master'S,Product Manager,10.0,160000.0
28.0,Female,Bachelor'S,Software Engineer,4.0,70000.0
41.0,Male,Phd,Senior Data Scientist,16.0,190000.0
34.0,Female,Master'S,Data Scientist,9.0,140000.0
23.0,Male,Bachelor'S,Software Developer,1.0,45000.0
32.0,Female,Master'S,Product Manager,7.0,120000.0
25.0,Male,Master'S,Software Engineer,2.0,60000.0
37.0,Female,Bachelor'S,Data Analyst,11.0,150000.0
28.0,Male,Bachelor'S,Software Engineer,4.0,70000.0
29.0,Female,Bachelor'S,Full Stack Engineer,6.0,103579.0
45.0,Male,Master'S,Software Engineer Manager,19.0,163780.0
36.0,Male,Bachelor'S,Front End Developer,12.0,137878.0
30.0,Female,Master'S,Senior Project Engineer,4.0,92438.0
28.0,Male,Master'S,Full Stack Engineer,5.0,84181.0
46.0,Female,Phd,Software Engineer Manager,21.0,174821.0
34.0,Male,Bachelor'S,Back End Developer,10.0,126520.0
44.0,Male,Master'S,Senior Software Engineer,18.0,152168.0
55.0,Female,Phd,Software Engineer Manager,29.0,190543.0
35.0,Male,Master'S,Full Stack Engineer,9.0,131547.0
54.0,Male,Bachelor'S,Senior Project Engineer,28.0,192292.0
23.0,Female,High School,Back End Developer,1.0,52807.0
46.0,Male,Master'S,Senior Software Engineer,20.0,174938.0
33.0,Female,Bachelor'S,Full Stack Engineer,8.0,124071.0
26.0,Male,Master'S,Front End Developer,3.0,73640.0
43.0,Female,Phd,Software Engineer Manager,19.0,156486.0
36.0,Male,Master'S,Full Stack Engineer,11.0,138859.0
23.0,Female,Bachelor'S,Senior Project Engineer,0.0,52831.0
49.0,Male,Master'S,Software Engineer Manager,23.0,182392.0
35.0,Female,Master'S,Full Stack Engineer,11.0,151078.0
31.0,Male,Bachelor'S,Back End Developer,8.0,100679.0
54.0,Other,High School,Senior Software Engineer,29.0,158966.0
43.0,Male,Master'S,Full Stack Engineer,20.0,167924.0
33.0,Female,Master'S,Senior Project Engineer,10.0,113334.0
52.0,Female,Phd,Software Engineer Manager,29.0,194778.0
28.0,Male,Bachelor'S,Full Stack Engineer,4.0,77606.0
36.0,Female,Master'S,Senior Software Engineer,13.0,140010.0
43.0,Male,Bachelor'S,Senior Project Engineer,20.0,142421.0
50.0,Female,Master'S,Full Stack Engineer,24.0,192756.0
24.0,Male,Phd,Software Engineer Manager,1.0,106686.0
52.0,Male,Master'S,Senior Software Engineer,27.0,186794.0
46.0,Female,Bachelor'S,Back End Developer,19.0,150729.0
38.0,Male,Master'S,Full Stack Engineer,15.0,171652.0
29.0,Male,Bachelor'S,Senior Project Engineer,6.0,88552.0
33.0,Female,Master'S,Front End Developer,9.0,119918.0
47.0,Male,Phd,Software Engineer Manager,21.0,174985.0
45.0,Female,Master'S,Senior Software Engineer,23.0,174336.0
28.0,Male,Bachelor'S,Back End Developer,4.0,72389.0
42.0,Female,Master'S,Full Stack Engineer,14.0,163978.0
46.0,Male,Bachelor'S,Senior Project Engineer,25.0,166958.0
38.0,Female,Phd,Software Engineer Manager,15.0,145052.0
54.0,Male,Master'S,Senior Software Engineer,32.0,195270.0
33.0,Female,Master'S,Full Stack Engineer,8.0,122970.0
27.0,Male,High School,Back End Developer,4.0,80247.0
50.0,Female,Bachelor'S,Senior Project Engineer,25.0,177862.0
26.0,Male,Master'S,Full Stack Engineer,4.0,91062.0
31.0,Female,Master'S,Senior Software Engineer,6.0,114290.0
35.0,Male,Bachelor'S,Front End Developer,10.0,128999.0
44.0,Female,Phd,Software Engineer Manager,18.0,162454.0
32.0,Male,Master'S,Senior Project Engineer,8.0,122354.0
54.0,Male,Bachelor'S,Full Stack Engineer,25.0,179756.0
26.0,Female,Master'S,Front End Developer,3.0,73218.0
48.0,Female,Master'S,Senior Software Engineer,24.0,184480.0
38.0,Male,Bachelor'S,Back End Developer,12.0,132442.0
30.0,Female,Master'S,Full Stack Engineer,5.0,102828.0
40.0,Male,Master'S,Software Engineer Manager,16.0,150301.0
45.0,Female,Bachelor'S,Senior Project Engineer,22.0,171468.0
36.0,Male,Master'S,Full Stack Engineer,13.0,147326.0
52.0,Male,Phd,Software Engineer Manager,26.0,185982.0
31.0,Female,Bachelor'S,Senior Software Engineer,7.0,108267.0
26.0,Male,Master'S,Full Stack Engineer,4.0,91397.0
30.0,Female,Master'S,Senior Project Engineer,5.0,100867.0
24.0,Male,Bachelor'S,Back End Developer,2.0,64182.0
45.0,Male,Master'S,Senior Software Engineer,22.0,182506.0
33.0,Female,Master'S,Full Stack Engineer,9.0,136986.0
38.0,Male,Bachelor'S,Front End Developer,11.0,136662.0
54.0,Female,Phd,Software Engineer Manager,32.0,191510.0
42.0,Male,Master'S,Full Stack Engineer,19.0,177347.0
28.0,Female,Bachelor'S,Senior Project Engineer,3.0,70397.0
34.0,Male,Master'S,Software Engineer Manager,9.0,146075.0
46.0,Female,Bachelor'S,Back End Developer,18.0,155795.0
35.0,Male,Master'S,Full Stack Engineer,9.0,132638.0
49.0,Female,Phd,Software Engineer Manager,22.0,178684.0
32.0,Male,Bachelor'S,Senior Software Engineer,7.0,106218.0
54.0,Male,Master'S,Full Stack Engineer,28.0,191239.0
26.0,Female,Master'S,Front End Developer,2.0,65840.0
23.0,Male,Phd,Software Engineer Manager,0.0,52779.0
48.0,Female,Master'S,Senior Software Engineer,23.0,185038.0
38.0,Male,Bachelor'S,Back End Developer,14.0,136449.0
30.0,Female,Master'S,Full Stack Engineer,6.0,110707.0
40.0,Male,Master'S,Software Engineer Manager,17.0,151670.0
45.0,Female,Bachelor'S,Senior Project Engineer,21.0,167015.0
36.0,Male,Master'S,Full Stack Engineer,13.0,146508.0
52.0,Male,Phd,Software Engineer Manager,27.0,190596.0
31.0,Female,Bachelor'S,Senior Software Engineer,6.0,104378.0
26.0,Male,Master'S,Full Stack Engineer,3.0,70216.0
30.0,Female,Master'S,Senior Project Engineer,5.0,101733.0
24.0,Male,Bachelor'S,Back End Developer,1.0,55935.0
45.0,Male,Master'S,Senior Software Engineer,21.0,180367.0
33.0,Female,Master'S,Full Stack Engineer,9.0,135596.0
38.0,Male,Bachelor'S,Front End Developer,11.0,136062.0
54.0,Female,Phd,Software Engineer Manager,32.0,191267.0
26.0,Male,Master'S,Full Stack Engineer,3.0,91397.0
28.0,Female,Bachelor'S,Senior Project Engineer,4.0,82944.0
48.0,Male,Phd,Software Engineer Manager,23.0,188288.0
36.0,Female,Master'S,Senior Software Engineer,14.0,141090.0
43.0,Male,Bachelor'S,Full Stack Engineer,19.0,152726.0
33.0,Female,Master'S,Back End Developer,9.0,124141.0
26.0,Male,Bachelor'S,Front End Developer,3.0,67556.0
50.0,Female,Master'S,Senior Project Engineer,22.0,182768.0
41.0,Male,Phd,Software Engineer Manager,15.0,148727.0
29.0,Female,Bachelor'S,Full Stack Engineer,6.0,91903.0
38.0,Male,Master'S,Senior Software Engineer,14.0,147708.0
48.0,Female,Bachelor'S,Senior Project Engineer,21.0,163209.0
31.0,Male,Master'S,Full Stack Engineer,8.0,120288.0
45.0,Male,Phd,Software Engineer Manager,21.0,170226.0
35.0,Female,Master'S,Senior Software Engineer,11.0,134979.0
42.0,Male,Bachelor'S,Back End Developer,16.0,137489.0
27.0,Female,Master'S,Full Stack Engineer,4.0,83577.0
33.0,Male,Bachelor'S,Front End Developer,9.0,117904.0
36.0,Female,Master'S,Senior Project Engineer,11.0,134482.0
54.0,Male,Phd,Software Engineer Manager,30.0,184660.0
30.0,Female,Bachelor'S,Senior Software Engineer,5.0,100151.0
26.0,Male,Master'S,Full Stack Engineer,3.0,88678.0
45.0,Female,Phd,Senior Project Engineer,21.0,181285.0
38.0,Male,Master'S,Software Engineer Manager,16.0,154990.0
31.0,Female,Bachelor'S,Full Stack Engineer,7.0,108204.0
42.0,Male,Master'S,Senior Software Engineer,19.0,175684.0
28.0,Female,Bachelor'S,Back End Developer,5.0,77766.0
48.0,Male,Phd,Software Engineer Manager,24.0,192211.0
36.0,Female,Master'S,Full Stack Engineer,13.0,144647.0
43.0,Male,Bachelor'S,Senior Project Engineer,20.0,162231.0
33.0,Female,Master'S,Front End Developer,9.0,121120.0
26.0,Male,Bachelor'S,Full Stack Engineer,4.0,79652.0
50.0,Female,Master'S,Senior Software Engineer,21.0,177002.0
27.0,Male,Master'S,Back End Developer,5.0,87584.0
38.0,Female,Bachelor'S,Senior Project Engineer,13.0,131860.0
54.0,Male,Phd,Software Engineer Manager,28.0,182013.0
31.0,Female,Master'S,Full Stack Engineer,7.0,108799.0
36.0,Male,Bachelor'S,Senior Software Engineer,13.0,135378.0
45.0,Female,Master'S,Software Engineer Manager,22.0,183530.0
42.0,Male,Bachelor'S,Back End Developer,18.0,150901.0
28.0,Female,Master'S,Full Stack Engineer,4.0,82697.0
48.0,Male,Phd,Senior Software Engineer,26.0,194638.0
36.0,Female,Master'S,Senior Project Engineer,12.0,130356.0
43.0,Male,Bachelor'S,Full Stack Engineer,18.0,152560.0
33.0,Female,Master'S,Front End Developer,9.0,121432.0
26.0,Male,Bachelor'S,Back End Developer,2.0,63789.0
50.0,Female,Master'S,Senior Software Engineer,23.0,183690.0
41.0,Male,Phd,Software Engineer Manager,16.0,151310.0
29.0,Female,Bachelor'S,Full Stack Engineer,6.0,100358.0
38.0,Male,Master'S,Senior Software Engineer,15.0,148437.0
48.0,Female,Bachelor'S,Senior Project Engineer,22.0,168691.0
31.0,Male,Master'S,Full Stack Engineer,8.0,110000.0
28.0,Male,Bachelor'S,Software Developer,1.0,50000.0
32.0,Female,Master'S,Product Manager,5.0,100000.0
26.0,Male,Bachelor'S,Software Engineer,2.0,60000.0
33.0,Female,Master'S,Data Analyst,6.0,90000.0
29.0,Male,Bachelor'S,Front End Developer,3.0,70000.0
42.0,Male,Phd,Director Of Data Science,12.0,170000.0
36.0,Female,Master'S,Data Scientist,8.0,130000.0
27.0,Male,Bachelor'S,Software Developer,1.0,50000.0
34.0,Female,Master'S,Product Manager,7.0,120000.0
29.0,Male,Bachelor'S,Software Engineer,4.0,80000.0
41.0,Female,Phd,Senior Data Scientist,16.0,200000.0
36.0,Male,Phd,Director Of Data Science,12.0,170000.0
30.0,Female,Bachelor'S,Software Engineer,4.0,80000.0
28.0,Male,Master'S,Web Developer,5.0,80000.0
30.0,Female,Bachelor'S,Junior Hr Coordinator,4.0,60000.0
25.0,Male,Bachelor'S,Junior Web Developer,2.0,50000.0
45.0,Female,Master'S,Senior Human Resources Manager,18.0,160000.0
33.0,Male,Phd,Director Of Hr,9.0,120000.0
22.0,Female,High School,Junior Hr Generalist,0.0,40000.0
36.0,Male,Bachelor'S,Web Developer,10.0,100000.0
29.0,Female,Master'S,Senior Hr Generalist,4.0,75000.0
42.0,Male,Phd,Director Of Hr,16.0,140000.0
27.0,Female,Bachelor'S,Junior Hr Coordinator,2.0,50000.0
38.0,Male,Master'S,Senior Human Resources Manager,11.0,110000.0
24.0,Female,Bachelor'S,Web Developer,1.0,45000.0
31.0,Male,High School,Junior Web Developer,4.0,55000.0
39.0,Female,Phd,Director Of Hr,13.0,130000.0
26.0,Male,Bachelor'S,Junior Hr Generalist,2.0,50000.0
32.0,Female,Master'S,Senior Hr Generalist,7.0,80000.0
32.0,Male,Bachelor'S,Junior Web Developer,2.0,45000.0
24.0,Female,High School,Junior Hr Generalist,1.0,32000.0
45.0,Male,Phd,Senior Human Resources Manager,12.0,120000.0
29.0,Female,Master'S,Web Developer,4.0,65000.0
38.0,Male,Bachelor'S,Senior Hr Generalist,8.0,95000.0
27.0,Female,Master'S,Director Of Hr,5.0,80000.0
31.0,Female,High School,Junior Hr Coordinator,3.0,38000.0
42.0,Male,Master'S,Web Developer,10.0,110000.0
26.0,Female,Bachelor'S,Junior Web Developer,2.0,45000.0
36.0,Male,Master'S,Senior Hr Generalist,7.0,89000.0
28.0,Male,High School,Junior Hr Generalist,1.0,32000.0
33.0,Female,Bachelor'S,Web Developer,5.0,70000.0
46.0,Male,Phd,Director Of Hr,15.0,150000.0
25.0,Female,Bachelor'S,Junior Web Developer,1.0,40000.0
37.0,Female,Master'S,Senior Human Resources Manager,9.0,105000.0
30.0,Male,Master'S,Web Developer,4.0,65000.0
43.0,Female,Phd,Director Of Hr,14.0,140000.0
34.0,Male,Bachelor'S,Junior Web Developer,3.0,50000.0
26.0,Female,High School,Junior Hr Generalist,2.0,35000.0
41.0,Male,Master'S,Senior Hr Generalist,11.0,115000.0
29.0,Female,Master'S,Web Developer,5.0,70000.0
35.0,Male,Bachelor'S,Web Developer,6.0,80000.0
27.0,Female,High School,Junior Hr Coordinator,1.0,30000.0
40.0,Male,Phd,Director Of Hr,13.0,135000.0
23.0,Female,Bachelor'S,Junior Web Developer,1.0,40000.0
39.0,Male,Master'S,Senior Hr Generalist,10.0,105000.0
31.0,Male,High School,Junior Hr Generalist,2.0,35000.0
44.0,Female,Phd,Senior Human Resources Manager,12.0,120000.0
28.0,Male,Master'S,Web Developer,3.0,55000.0
32.0,Female,Bachelor'S,Junior Web Developer,2.0,45000.0
45.0,Male,Master'S,Director Of Hr,14.0,140000.0
26.0,Female,Bachelor'S,Web Developer,3.0,55000.0
38.0,Male,Phd,Senior Human Resources Manager,11.0,115000.0
27.0,Female,Master'S,Senior Hr Generalist,4.0,70000.0
33.0,Male,High School,Junior Hr Coordinator,3.0,38000.0
42.0,Female,Master'S,Director Of Hr,13.0,135000.0
29.0,Male,Bachelor'S,Junior Web Developer,2.0,45000.0
36.0,Female,Master'S,Web Developer,7.0,85000.0
30.0,Male,High School,Junior Hr Generalist,1.0,32000.0
43.0,Female,Phd,Senior Human Resources Manager,15.0,150000.0
34.0,Male,Bachelor'S,Web Developer,4.0,65000.0
25.0,Female,Master'S,Junior Hr Generalist,1.0,32000.0
37.0,Male,Phd,Director Of Hr,12.0,120000.0
24.0,Female,Bachelor'S,Junior Web Developer,1.0,40000.0
39.0,Male,Master'S,Senior Hr Generalist,9.0,95000.0
44.0,Female,Phd,Director Of Hr,14.0,140000.0
28.0,Male,Bachelor'S,Web Developer,3.0,55000.0
32.0,Female,Master'S,Senior Human Resources Manager,6.0,80000.0
45.0,Male,Phd,Director Of Hr,13.0,135000.0
38.0,Male,Master'S,Senior Hr Generalist,8.0,95000.0
27.0,Female,High School,Junior Hr Generalist,1.0,32000.0
33.0,Male,Bachelor'S,Web Developer,5.0,70000.0
42.0,Female,Master'S,Director Of Hr,12.0,120000.0
29.0,Male,Master'S,Senior Human Resources Manager,4.0,70000.0
30.0,Male,High School,Junior Hr Coordinator,2.0,33000.0
37.0,Male,Phd,Director Of Hr,11.0,115000.0
24.0,Female,Bachelor'S,Web Developer,1.0,40000.0
44.0,Female,Phd,Director Of Hr,13.0,135000.0
28.0,Male,Bachelor'S,Web Developer,4.0,65000.0
45.0,Male,Phd,Director Of Hr,14.0,140000.0
28.0,Male,Bachelor'S,Software Engineer,3.0,60000.0
37.0,Female,Master'S,Marketing Manager,9.0,100000.0
43.0,Male,Phd,Data Scientist,15.0,150000.0
31.0,Female,Bachelor'S,Human Resources Coordinator,4.0,55000.0
24.0,Male,High School,Junior Sales Associate,1.0,30000.0
29.0,Female,Master'S,Software Developer,5.0,70000.0
35.0,Male,Bachelor'S,Operations Manager,8.0,90000.0
26.0,Female,Master'S,Marketing Coordinator,2.0,40000.0
42.0,Male,Phd,Data Scientist,12.0,130000.0
34.0,Female,Bachelor'S,Human Resources Manager,6.0,75000.0
27.0,Male,High School,Junior Sales Associate,2.0,35000.0
38.0,Female,Master'S,Marketing Manager,10.0,110000.0
30.0,Male,Bachelor'S,Software Engineer,4.0,65000.0
45.0,Male,Phd,Data Scientist,18.0,180000.0
25.0,Female,Bachelor'S,Junior Software Developer,1.0,35000.0
40.0,Female,Master'S,Human Resources Manager,11.0,120000.0
33.0,Male,Bachelor'S,Operations Manager,6.0,75000.0
29.0,Female,High School,Junior Sales Associate,1.0,30000.0
44.0,Male,Phd,Data Scientist,16.0,160000.0
26.0,Male,Bachelor'S,Software Developer,3.0,60000.0
36.0,Female,Master'S,Marketing Coordinator,8.0,85000.0
31.0,Male,Bachelor'S,Operations Manager,5.0,70000.0
27.0,Female,Master'S,Human Resources Coordinator,3.0,50000.0
42.0,Male,Phd,Data Scientist,13.0,140000.0
28.0,Male,High School,Junior Sales Associate,2.0,35000.0
39.0,Female,Master'S,Marketing Manager,10.0,110000.0
31.0,Male,Bachelor'S,Software Engineer,4.0,65000.0
27.0,Male,Bachelor'S,Software Engineer,3.0,60000.0
38.0,Female,Master'S,Marketing Manager,9.0,100000.0
44.0,Male,Phd,Data Scientist,15.0,150000.0
30.0,Female,Bachelor'S,Human Resources Coordinator,4.0,55000.0
23.0,Male,High School,Junior Sales Associate,1.0,30000.0
28.0,Female,Master'S,Software Developer,5.0,70000.0
34.0,Male,Bachelor'S,Operations Manager,8.0,90000.0
25.0,Female,Master'S,Marketing Coordinator,2.0,40000.0
41.0,Male,Phd,Data Scientist,12.0,130000.0
33.0,Female,Bachelor'S,Human Resources Manager,6.0,75000.0
26.0,Male,High School,Junior Sales Associate,2.0,35000.0
37.0,Female,Master'S,Marketing Manager,10.0,110000.0
29.0,Male,Bachelor'S,Software Engineer,4.0,65000.0
46.0,Male,Phd,Data Scientist,18.0,180000.0
26.0,Female,Bachelor'S,Junior Software Developer,1.0,35000.0
39.0,Female,Master'S,Human Resources Manager,11.0,120000.0
32.0,Male,Bachelor'S,Operations Manager,6.0,75000.0
28.0,Female,High School,Junior Sales Associate,1.0,30000.0
43.0,Male,Phd,Data Scientist,16.0,160000.0
27.0,Male,Bachelor'S,Software Developer,3.0,60000.0
35.0,Female,Master'S,Marketing Coordinator,8.0,85000.0
30.0,Male,Bachelor'S,Operations Manager,5.0,70000.0
26.0,Female,Master'S,Human Resources Coordinator,3.0,50000.0
41.0,Male,Phd,Data Scientist,13.0,140000.0
24.0,Male,Bachelor'S,Software Engineer,2.0,55000.0
32.0,Female,Master'S,Marketing Manager,7.0,90000.0
45.0,Male,Phd,Data Scientist,16.0,160000.0
28.0,Female,Bachelor'S,Human Resources Coordinator,4.0,60000.0
22.0,Male,High School,Junior Sales Associate,1.0,25000.0
36.0,Male,Bachelor'S,Operations Manager,8.0,100000.0
27.0,Female,Bachelor'S,Marketing Coordinator,3.0,45000.0
42.0,Male,Phd,Data Scientist,14.0,140000.0
25.0,Male,High School,Junior Sales Associate,2.0,30000.0
39.0,Female,Master'S,Marketing Manager,11.0,120000.0
47.0,Male,Phd,Data Scientist,19.0,190000.0
40.0,Female,Master'S,Human Resources Manager,12.0,130000.0
33.0,Male,Bachelor'S,Operations Manager,7.0,85000.0
29.0,Female,High School,Junior Sales Associate,1.0,25000.0
28.0,Male,Bachelor'S,Software Developer,3.0,60000.0
36.0,Female,Master'S,Marketing Coordinator,9.0,100000.0
31.0,Male,Bachelor'S,Operations Manager,6.0,75000.0
26.0,Male,High School,Junior Sales Associate,2.0,30000.0
31.0,Male,Bachelor'S,Software Engineer,5.0,80000.0
27.0,Female,Master'S,Marketing Manager,3.0,60000.0
38.0,Male,Phd,Data Scientist,12.0,130000.0
29.0,Female,Bachelor'S,Human Resources Coordinator,2.0,45000.0
23.0,Male,High School,Junior Sales Associate,1.0,25000.0
32.0,Female,Master'S,Software Developer,7.0,90000.0
44.0,Male,Bachelor'S,Operations Manager,18.0,170000.0
26.0,Female,Bachelor'S,Marketing Coordinator,2.0,40000.0
40.0,Male,Phd,Data Scientist,15.0,150000.0
33.0,Female,Bachelor'S,Human Resources Manager,8.0,95000.0
24.0,Male,High School,Junior Sales Associate,1.0,25000.0
35.0,Female,Master'S,Marketing Manager,10.0,110000.0
29.0,Male,Bachelor'S,Software Engineer,4.0,70000.0
49.0,Male,Phd,Data Scientist,22.0,220000.0
26.0,Female,Bachelor'S,Junior Software Developer,2.0,35000.0
41.0,Female,Master'S,Human Resources Manager,13.0,140000.0
36.0,Male,Bachelor'S,Operations Manager,9.0,110000.0
28.0,Female,High School,Junior Sales Associate,1.0,25000.0
29.0,Male,Bachelor'S,Software Developer,5.0,80000.0
39.0,Female,Master'S,Marketing Coordinator,11.0,120000.0
32.0,Male,Bachelor'S,Operations Manager,6.0,90000.0
28.0,Female,Master'S,Human Resources Coordinator,2.0,45000.0
34.0,Male,Bachelor'S,Software Engineer,6.0,85000.0
31.0,Female,Master'S,Marketing Manager,4.0,62000.0
41.0,Male,Phd,Data Scientist,13.0,138000.0
27.0,Female,Bachelor'S,Human Resources Coordinator,2.0,47000.0
25.0,Male,High School,Junior Sales Associate,1.0,26000.0
33.0,Female,Master'S,Software Developer,8.0,95000.0
45.0,Male,Bachelor'S,Operations Manager,19.0,174000.0
28.0,Female,Bachelor'S,Marketing Coordinator,2.0,41000.0
42.0,Male,Phd,Data Scientist,16.0,162000.0
34.0,Female,Bachelor'S,Human Resources Manager,9.0,99000.0
23.0,Male,High School,Junior Sales Associate,1.0,26000.0
36.0,Female,Master'S,Marketing Manager,11.0,117000.0
30.0,Male,Bachelor'S,Software Engineer,5.0,75000.0
50.0,Male,Phd,Data Scientist,23.0,225000.0
27.0,Female,Bachelor'S,Junior Software Developer,2.0,36000.0
43.0,Female,Master'S,Human Resources Manager,14.0,146000.0
37.0,Male,Bachelor'S,Operations Manager,10.0,113000.0
29.0,Female,High School,Junior Sales Associate,1.0,26000.0
44.0,Male,Phd,Data Scientist,17.0,168000.0
30.0,Male,Bachelor'S,Software Developer,6.0,85000.0
40.0,Female,Master'S,Marketing Coordinator,12.0,122000.0
33.0,Male,Bachelor'S,Operations Manager,7.0,96000.0
29.0,Female,Master'S,Human Resources Coordinator,3.0,49000.0
43.0,Male,Phd,Data Scientist,16.0,162000.0
32.0,Female,Master'S,Software Developer,8.0,95000.0
24.0,Male,High School,Junior Sales Associate,1.0,26000.0
31.0,Female,Master'S,Marketing Manager,5.0,68000.0
39.0,Male,Bachelor'S,Operations Manager,13.0,127000.0
25.0,Female,Bachelor'S,Human Resources Coordinator,2.0,47000.0
41.0,Male,Phd,Data Scientist,15.0,155000.0
35.0,Female,Bachelor'S,Human Resources Manager,8.0,92000.0
26.0,Male,High School,Junior Sales Associate,1.0,26000.0
37.0,Female,Master'S,Marketing Manager,12.0,125000.0
29.0,Male,Bachelor'S,Software Engineer,4.0,71000.0
51.0,Male,Phd,Data Scientist,24.0,240000.0
28.0,Female,Bachelor'S,Junior Software Developer,2.0,36000.0
44.0,Female,Master'S,Human Resources Manager,15.0,152000.0
38.0,Male,Bachelor'S,Operations Manager,11.0,119000.0
30.0,Female,High School,Junior Sales Associate,1.0,26000.0
45.0,Male,Phd,Data Scientist,19.0,190000.0
31.0,Male,Bachelor'S,Software Developer,6.0,85000.0
41.0,Female,Master'S,Marketing Coordinator,13.0,131000.0
34.0,Male,Bachelor'S,Operations Manager,8.0,101000.0
30.0,Female,Master'S,Human Resources Coordinator,3.0,49000.0
44.0,Male,Phd,Data Scientist,18.0,182000.0
27.0,Male,Bachelor'S,Software Developer,3.0,62000.0
42.0,Female,Master'S,Marketing Manager,16.0,137000.0
35.0,Male,Phd,Data Scientist,9.0,112000.0
33.0,Male,High School,Junior Sales Associate,1.0,25000.0
36.0,Female,Bachelor'S,Operations Manager,7.0,91000.0
43.0,Male,Phd,Data Scientist,17.0,179000.0
31.0,Female,Bachelor'S,Software Engineer,5.0,74000.0
49.0,Male,Master'S,Marketing Manager,23.0,228000.0
28.0,Female,Bachelor'S,Junior Software Developer,2.0,37000.0
45.0,Female,Phd,Data Scientist,19.0,193000.0
30.0,Female,High School,Junior Sales Associate,1.0,25000.0
45.0,Male,Master'S,Marketing Manager,20.0,204000.0
27.0,Female,Bachelor'S,Software Developer,3.0,61000.0
41.0,Male,Phd,Data Scientist,15.0,157000.0
35.0,Female,Master'S,Human Resources Manager,8.0,92000.0
26.0,Male,Bachelor'S,Software Engineer,1.0,52000.0
30.0,Female,Bachelor'S,Marketing Coordinator,4.0,58000.0
48.0,Male,Phd,Data Scientist,22.0,219000.0
32.0,Female,Master'S,Marketing Manager,6.0,77000.0
34.0,Male,Bachelor'S,Operations Manager,8.0,104000.0
31.0,Female,High School,Junior Sales Associate,1.0,25000.0
44.0,Female,Phd,Data Scientist,18.0,183000.0
31.0,Female,Master'S,Director Of Hr,6.0,95000.0
28.0,Male,Bachelor'S,Junior Web Developer,2.0,45000.0
29.0,Female,Master'S,Senior Hr Generalist,4.0,70000.0
35.0,Male,Phd,Senior Human Resources Manager,10.0,110000.0
26.0,Female,High School,Web Developer,1.0,35000.0
32.0,Male,Bachelor'S,Junior Hr Generalist,5.0,60000.0
27.0,Female,Master'S,Web Developer,2.0,50000.0
39.0,Male,Master'S,Director Of Hr,12.0,120000.0
23.0,Female,Bachelor'S,Junior Hr Generalist,1.0,32000.0
30.0,Male,Bachelor'S,Web Developer,4.0,65000.0
26.0,Female,Bachelor'S,Junior Hr Coordinator,1.0,35000.0
42.0,Male,Phd,Senior Human Resources Manager,14.0,130000.0
34.0,Female,Master'S,Director Of Hr,9.0,95000.0
28.0,Male,High School,Juniour Hr Generalist,2.0,43000.0
31.0,Female,Bachelor'S,Junior Hr Coordinator,4.0,50000.0
29.0,Male,Bachelor'S,Web Developer,3.0,60000.0
35.0,Female,Master'S,Senior Hr Generalist,8.0,80000.0
26.0,Male,Master'S,Junior Web Developer,2.0,48000.0
40.0,Female,Phd,Director Of Hr,13.0,125000.0
34.0,Male,Bachelor'S,Web Developer,7.0,85000.0
26.0,Female,Bachelor'S,Junior Hr Generalist,2.0,42000.0
29.0,Male,Master'S,Senior Hr Generalist,4.0,70000.0
25.0,Female,High School,Juniour Hr Coordinator,1.0,32000.0
33.0,Male,Master'S,Web Developer,6.0,80000.0
27.0,Female,Bachelor'S,Junior Hr Generalist,2.0,42000.0
31.0,Male,Phd,Senior Human Resources Manager,7.0,90000.0
24.0,Male,Bachelor'S,Junior Web Developer,1.0,40000.0
42.0,Female,Master'S,Senior Hr Generalist,12.0,110000.0
34.0,Male,Master'S,Director Of Hr,10.0,105000.0
28.0,Female,Bachelor'S,Junior Hr Generalist,3.0,50000.0
33.0,Male,Phd,Director Of Hr,8.0,95000.0
29.0,Female,Bachelor'S,Web Developer,3.0,60000.0
25.0,Male,High School,Junior Hr Generalist,2.0,40000.0
26.0,Female,Master'S,Senior Hr Generalist,2.0,55000.0
30.0,Male,Bachelor'S,Web Developer,5.0,70000.0
24.0,Female,High School,Juniour Hr Coordinator,1.0,32000.0
31.0,Male,Master'S,Director Of Hr,7.0,90000.0
27.0,Female,Bachelor'S,Web Developer,2.0,50000.0
26.0,Female,Bachelor'S,Junior Hr Generalist,1.0,32000.0
32.0,Male,Master'S,Web Developer,6.0,80000.0
25.0,Male,High School,Web Developer,2.0,45000.0
33.0,Female,Bachelor'S,Junior Hr Generalist,7.0,65000.0
27.0,Male,Master'S,Web Developer,2.0,50000.0
28.0,Female,Bachelor'S,Junior Hr Coordinator,3.0,45000.0
34.0,Male,Phd,Director Of Hr,9.0,95000.0
30.0,Female,Bachelor'S,Web Developer,4.0,65000.0
26.0,Male,Bachelor'S,Junior Hr Coordinator,2.0,38000.0
42.0,Female,Master'S,Senior Human Resources Manager,13.0,125000.0
34.0,Male,Master'S,Web Developer,8.0,90000.0
28.0,Female,High School,Juniour Hr Generalist,2.0,43000.0
31.0,Male,Bachelor'S,Junior Hr Generalist,5.0,60000.0
29.0,Female,Master'S,Web Developer,3.0,60000.0
26.0,Female,Bachelor'S,Web Developer,1.0,35000.0
32.0,Male,Master'S,Director Of Hr,6.0,95000.0
27.0,Female,Master'S,Junior Hr Generalist,2.0,42000.0
39.0,Male,Master'S,Senior Hr Generalist,11.0,100000.0
23.0,Female,Bachelor'S,Junior Hr Coordinator,1.0,32000.0
42.0,Male,Phd,Director Of Hr,14.0,130000.0
28.0,Male,High School,Junior Web Developer,2.0,43000.0
25.0,Female,High School,Junior Hr Coordinator,1.0,32000.0
31.0,Female,Bachelor'S,Junior Hr Coordinator,4.0,500.0
27.0,Female,Bachelor'S,Junior Software Engineer,1.0,45000.0
33.0,Male,Master'S,Senior Data Scientist,8.0,120000.0
29.0,Female,Bachelor'S,Marketing Coordinator,3.0,55000.0
31.0,Male,Bachelor'S,Junior Marketing Manager,5.0,70000.0
38.0,Female,Phd,Senior Research Scientist,12.0,140000.0
25.0,Male,High School,Junior Sales Associate,1.0,30000.0
32.0,Female,Master'S,Senior Software Engineer,7.0,100000.0
27.0,Male,Bachelor'S,Junior Data Analyst,2.0,50000.0
29.0,Female,Bachelor'S,Junior Marketing Manager,3.0,55000.0
35.0,Male,Phd,Senior Research Scientist,10.0,130000.0
26.0,Female,Bachelor'S,Junior Software Engineer,1.0,45000.0
28.0,Female,Bachelor'S,Junior Software Engineer,2.0,48000.0
36.0,Male,Master'S,Senior Data Scientist,9.0,125000.0
30.0,Female,Bachelor'S,Marketing Coordinator,4.0,57000.0
32.0,Male,Bachelor'S,Junior Marketing Manager,6.0,72000.0
39.0,Female,Phd,Senior Research Scientist,13.0,145000.0
26.0,Male,High School,Junior Sales Associate,2.0,31000.0
33.0,Female,Master'S,Senior Software Engineer,8.0,105000.0
28.0,Male,Bachelor'S,Junior Data Analyst,3.0,52000.0
30.0,Female,Bachelor'S,Junior Marketing Manager,4.0,57000.0
36.0,Male,Phd,Senior Research Scientist,11.0,135000.0
27.0,Female,Bachelor'S,Junior Software Engineer,2.0,48000.0
34.0,Male,Master'S,Senior Data Scientist,9.0,125000.0
26.0,Male,Bachelor'S,Senior Product Marketing Manager,5.0,85000.0
28.0,Female,Master'S,Marketing Manager,7.0,110000.0
34.0,Male,Phd,Director Of Marketing,12.0,170000.0
31.0,Male,Bachelor'S,Sales Director,9.0,140000.0
24.0,Female,High School,Sales Associate,1.0,30000.0
29.0,Male,Bachelor'S,Digital Marketing Manager,6.0,95000.0
27.0,Female,Master'S,Content Marketing Manager,4.0,80000.0
33.0,Male,Phd,Sales Director,10.0,155000.0
21.0,Female,High School,Junior Sales Representative,0.0,25000.0
36.0,Male,Bachelor'S,Sales Manager,11.0,160000.0
25.0,Female,Bachelor'S,Marketing Manager,3.0,65000.0
30.0,Male,Master'S,Financial Manager,7.0,120000.0
28.0,Female,Phd,Director Of Marketing,6.0,105000.0
22.0,Female,High School,Sales Associate,0.0,25000.0
45.0,Male,Bachelor'S,Financial Manager,21.0,250000.0
31.0,Female,Master'S,Content Marketing Manager,8.0,120000.0
28.0,Male,Bachelor'S,Digital Marketing Manager,4.0,80000.0
29.0,Male,Bachelor'S,Senior Product Marketing Manager,6.0,100000.0
35.0,Female,Phd,Director Of Marketing,12.0,170000.0
27.0,Male,High School,Sales Representative,3.0,50000.0
33.0,Female,Bachelor'S,Marketing Manager,9.0,140000.0
25.0,Female,Bachelor'S,Marketing Manager,2.0,55000.0
29.0,Female,Master'S,Content Marketing Manager,4.0,80000.0
23.0,Male,Bachelor'S,Software Engineer,1.0,60000.0
39.0,Female,Master'S,Marketing Manager,12.0,150000.0
28.0,Male,Bachelor'S,Financial Analyst,4.0,80000.0
31.0,Female,Phd,Research Scientist,8.0,120000.0
35.0,Male,Bachelor'S,Project Manager,10.0,130000.0
27.0,Female,Bachelor'S,Graphic Designer,2.0,50000.0
42.0,Male,Master'S,Senior Software Engineer,18.0,180000.0
29.0,Female,Bachelor'S,Digital Marketing Specialist,3.0,60000.0
33.0,Male,Bachelor'S,Marketing Manager,7.0,110000.0
24.0,Female,High School,Sales Associate,0.0,25000.0
30.0,Male,Master'S,Financial Analyst,6.0,100000.0
26.0,Female,Bachelor'S,Social Media Manager,3.0,55000.0
32.0,Male,Phd,Data Scientist,9.0,140000.0
22.0,Female,High School,Receptionist,0.0,25000.0
37.0,Male,Bachelor'S,Product Manager,12.0,150000.0
38.0,Female,Master'S,Marketing Director,14.0,170000.0
25.0,Male,Bachelor'S,Junior Software Engineer,1.0,55000.0
29.0,Female,Bachelor'S,Marketing Coordinator,4.0,65000.0
27.0,Male,Bachelor'S,Product Designer,3.0,60000.0
34.0,Female,Phd,Research Director,10.0,150000.0
26.0,Male,Bachelor'S,Marketing Analyst,2.0,50000.0
31.0,Female,Master'S,Financial Manager,7.0,120000.0
26.0,Female,Bachelor'S,Social M,8.0,110000.0
28.0,Male,Bachelor'S,Software Engineer,3.0,85000.0
36.0,Female,Master'S,Marketing Director,11.0,160000.0
25.0,Male,Bachelor'S,Financial Analyst,1.0,55000.0
29.0,Female,Phd,Data Scientist,5.0,100000.0
33.0,Male,Bachelor'S,Project Manager,8.0,120000.0
43.0,Male,Master'S,Senior Software Engineer,19.0,185000.0
30.0,Female,Bachelor'S,Digital Marketing Specialist,4.0,65000.0
34.0,Male,Bachelor'S,Marketing Manager,9.0,130000.0
25.0,Female,High School,Sales Associate,0.0,25000.0
31.0,Male,Master'S,Financial Analyst,6.0,100000.0
27.0,Female,Bachelor'S,Social Media Manager,3.0,55000.0
33.0,Male,Phd,Research Scientist,10.0,150000.0
23.0,Female,High School,Receptionist,0.0,25000.0
38.0,Male,Bachelor'S,Product Manager,13.0,160000.0
39.0,Female,Master'S,Marketing Manager,14.0,170000.0
26.0,Male,Bachelor'S,Junior Software Engineer,1.0,55000.0
30.0,Female,Bachelor'S,Marketing Coordinator,4.0,65000.0
28.0,Male,Bachelor'S,Product Designer,3.0,60000.0
35.0,Female,Phd,Research Director,11.0,160000.0
27.0,Male,Bachelor'S,Marketing Analyst,2.0,50000.0
32.0,Female,Master'S,Financial Manager,8.0,120000.0
27.0,Male,Bachelor'S,Software Engineer,3.0,85000.0
35.0,Female,Master'S,Marketing Director,11.0,160000.0
24.0,Male,Bachelor'S,Financial Analyst,1.0,55000.0
28.0,Female,Phd,Data Scientist,5.0,100000.0
32.0,Male,Bachelor'S,Project Manager,8.0,120000.0
26.0,Female,Bachelor'S,Graphic Designer,2.0,50000.0
41.0,Male,Master'S,Senior Software Engineer,19.0,185000.0
29.0,Female,Bachelor'S,Digital Marketing Specialist,4.0,65000.0
33.0,Male,Bachelor'S,Marketing Manager,9.0,130000.0
32.0,Male,Phd,Research Scientist,10.0,150000.0
37.0,Male,Bachelor'S,Product Manager,13.0,160000.0
38.0,Female,Master'S,Marketing Manager,14.0,170000.0
27.0,Male,Bachelor'S,Junior Software Engineer,1.0,55000.0
31.0,Female,Bachelor'S,Marketing Coordinator,4.0,65000.0
29.0,Male,Bachelor'S,Product Designer,3.0,60000.0
34.0,Female,Phd,Research Director,11.0,160000.0
31.0,Female,Master'S,Financial Manager,8.0,120000.0
26.0,Female,Bachelor'S,Social Media Man,7.0,100000.0
31.0,Male,Bachelor'S,Software Engineer,7.0,120000.0
33.0,Male,Master'S,Marketing Manager,9.0,130000.0
29.0,Female,High School,Customer Service Representative,3.0,35000.0
36.0,Male,Phd,Research Scientist,13.0,160000.0
27.0,Female,Bachelor'S,Marketing Coordinator,2.0,50000.0
31.0,Male,Bachelor'S,Project Manager,6.0,100000.0
28.0,Female,Master'S,Financial Analyst,4.0,80000.0
25.0,Male,Bachelor'S,Software Engineer,1.0,60000.0
30.0,Female,Bachelor'S,Sales Manager,5.0,90000.0
34.0,Male,Phd,Research Director,11.0,170000.0
28.0,Female,Bachelor'S,Marketing Analyst,3.0,60000.0
32.0,Male,Bachelor'S,Product Manager,7.0,120000.0
24.0,Female,High School,Receptionist,0.0,25000.0
37.0,Male,Master'S,Marketing Director,14.0,180000.0
39.0,Female,Bachelor'S,Financial Manager,16.0,200000.0
26.0,Male,Bachelor'S,Product Designer,2.0,50000.0
31.0,Female,Phd,Data Scientist,8.0,140000.0
29.0,Male,Bachelor'S,Marketing Analyst,4.0,70000.0
33.0,Female,Master'S,Marketing Manager,9.0,130000.0
27.0,Male,Bachelor'S,Software Engineer,3.0,80000.0
36.0,Female,Phd,Research Scientist,12.0,160000.0
25.0,Male,Bachelor'S,Product Manager,1.0,55000.0
30.0,Female,Bachelor'S,Marketing Coordinator,5.0,85000.0
28.0,Female,Bachelor'S,Marketing Coordinator,3.0,60000.0
33.0,Male,Master'S,Software Engineer,9.0,120000.0
26.0,Female,Bachelor'S,Graphic Designer,1.0,45000.0
29.0,Male,Bachelor'S,Product Manager,5.0,80000.0
35.0,Female,Phd,Research Scientist,11.0,150000.0
27.0,Male,Bachelor'S,Software Engineer,2.0,65000.0
31.0,Female,Bachelor'S,Marketing Manager,7.0,100000.0
28.0,Male,Master'S,Financial Analyst,4.0,90000.0
24.0,Female,Bachelor'S,Marketing Analyst,0.0,40000.0
30.0,Male,Bachelor'S,Project Manager,6.0,110000.0
34.0,Female,Phd,Research Director,12.0,170000.0
27.0,Male,Bachelor'S,Software Engineer,3.0,75000.0
33.0,Female,Master'S,Marketing Manager,8.0,120000.0
25.0,Female,High School,Customer Service Representative,1.0,30000.0
36.0,Male,Phd,Research Scientist,13.0,180000.0
39.0,Female,Bachelor'S,Financial Manager,15.0,200000.0
26.0,Male,Bachelor'S,Product Designer,1.0,50000.0
28.0,Male,Bachelor'S,Marketing Analyst,3.0,65000.0
32.0,Female,Bachelor'S,Product Manager,7.0,110000.0
24.0,Male,High School,Delivery Driver,0.0,28000.0
37.0,Male,Master'S,Marketing Director,14.0,190000.0
39.0,Female,Bachelor'S,Financial Manager,16.0,210000.0
26.0,Male,Bachelor'S,Product Designer,2.0,55000.0
36.0,Female,Phd,Research Scientist,12.0,170000.0
25.0,Male,Bachelor'S,Product Manager,1.0,60000.0
30.0,Female,Bachelor'S,Marketing Coordinator,5.0,90000.0
34.0,Male,Phd,Research Director,11.0,160000.0
29.0,Male,Bachelor'S,Software Engineer,3.0,75000.0
32.0,Female,Master'S,Marketing Manager,8.0,120000.0
27.0,Male,Bachelor'S,Product Manager,2.0,65000.0
30.0,Female,Phd,Data Scientist,6.0,100000.0
36.0,Male,Bachelor'S,Financial Analyst,11.0,150000.0
27.0,Male,Phd,Marketing Coordinator,7.0,120000.0
33.0,Male,Master'S,Software Engineer,8.0,120000.0
27.0,Female,Bachelor'S,Product Manager,2.0,65000.0
30.0,Male,Phd,Data Scientist,6.0,100000.0
36.0,Female,Bachelor'S,Financial Analyst,11.0,150000.0
29.0,Male,Bachelor'S,Marketing Analyst,3.0,65000.0
32.0,Female,Master'S,Software Engineer,9.0,120000.0
26.0,Male,Bachelor'S,Graphic Designer,1.0,45000.0
29.0,Female,Bachelor'S,Product Manager,5.0,80000.0
35.0,Male,Phd,Research Scientist,11.0,150000.0
34.0,Male,Master'S,Software Engineer,9.0,125000.0
28.0,Female,Bachelor'S,Product Manager,3.0,70000.0
31.0,Male,Phd,Data Scientist,7.0,110000.0
37.0,Female,Bachelor'S,Financial Analyst,12.0,160000.0
30.0,Male,Bachelor'S,Marketing Analyst,4.0,75000.0
33.0,Female,Master'S,Software Engineer,8.0,120000.0
27.0,Male,Bachelor'S,Graphic Designer,2.0,50000.0
30.0,Female,Bachelor'S,Product Manager,5.0,85000.0
36.0,Male,Phd,Research Scientist,11.0,155000.0
28.0,Male,Bachelor'S,Software Engineer,3.0,70000.0
32.0,Female,Bachelor'S,Marketing Manager,8.0,115000.0
29.0,Male,Master'S,Financial Analyst,5.0,95000.0
25.0,Female,Bachelor'S,Marketing Analyst,0.0,40000.0
31.0,Male,Bachelor'S,Project Manager,6.0,115000.0
35.0,Female,Phd,Research Director,12.0,175000.0
33.0,Female,Master'S,Marketing Manager,9.0,135000.0
29.0,Male,Bachelor'S,Marketing Analyst,4.0,75000.0
36.0,Male,Phd,Research Scientist,13.0,185000.0
40.0,Female,Bachelor'S,Financial Manager,15.0,210000.0
27.0,Male,Bachelor'S,Product Designer,1.0,45000.0
32.0,Female,Phd,Data Scientist,9.0,145000.0
28.0,Male,Bachelor'S,Marketing Analyst,3.0,70000.0
32.0,Female,Bachelor'S,Product Manager,7.0,120000.0
38.0,Male,Master'S,Marketing Director,14.0,195000.0
40.0,Female,Bachelor'S,Financial Manager,16.0,215000.0
27.0,Male,Bachelor'S,Product Designer,2.0,55000.0
36.0,Female,Phd,Research Scientist,13.0,185000.0
30.0,Female,Bachelor'S,Marketing Coordinator,5.0,95000.0
34.0,Male,Phd,Research Director,12.0,170000.0
28.0,Female,Bachelor'S,Marketing Analyst,3.0,65000.0
26.0,Female,Master'S,Software Engineer,2.0,75000.0
39.0,Male,Phd,Research Scientist,14.0,185000.0
32.0,Female,Bachelor'S,Marketing Manager,7.0,120000.0
28.0,Male,Bachelor'S,Graphic Designer,3.0,60000.0
35.0,Female,Master'S,Data Scientist,10.0,145000.0
33.0,Female,Master'S,Product Manager,8.0,135000.0
27.0,Male,Bachelor'S,Software Engineer,2.0,70000.0
36.0,Female,Phd,Research Director,12.0,175000.0
29.0,Male,Bachelor'S,Sales Associate,2.0,45000.0
45.0,Female,Master'S,Sales Manager,8.0,80000.0
37.0,Male,Phd,Marketing Manager,7.0,90000.0
23.0,Female,High School,Sales Executive,1.0,35000.0
41.0,Male,Bachelor'S,Financial Manager,12.0,120000.0
26.0,Female,Bachelor'S,Digital Marketing Manager,4.0,60000.0
33.0,Male,Master'S,Content Marketing Manager,5.0,70000.0
28.0,Female,High School,Sales Representative,3.0,40000.0
50.0,Male,Phd,Senior Product Marketing Manager,15.0,150000.0
35.0,Female,Bachelor'S,Junior Sales Representative,2.0,35000.0
42.0,Male,Master'S,Director Of Marketing,13.0,130000.0
27.0,Female,Bachelor'S,Sales Associate,1.0,35000.0
48.0,Male,Phd,Sales Director,18.0,180000.0
31.0,Female,High School,Financial Manager,4.0,60000.0
36.0,Male,Bachelor'S,Sales Manager,6.0,75000.0
25.0,Female,Master'S,Digital Marketing Manager,3.0,50000.0
39.0,Male,Phd,Marketing Manager,10.0,100000.0
30.0,Female,High School,Sales Executive,2.0,40000.0
44.0,Male,Bachelor'S,Content Marketing Manager,11.0,110000.0
29.0,Female,Master'S,Sales Representative,4.0,55000.0
47.0,Male,Phd,Senior Product Marketing Manager,17.0,170000.0
32.0,Female,Bachelor'S,Junior Sales Representative,3.0,40000.0
38.0,Male,Master'S,Director Of Marketing,9.0,95000.0
24.0,Female,High School,Sales Associate,1.0,35000.0
40.0,Male,Phd,Sales Director,14.0,140000.0
34.0,Female,Bachelor'S,Financial Manager,5.0,70000.0
26.0,Male,Master'S,Digital Marketing Manager,3.0,50000.0
31.0,Female,Phd,Marketing Manager,6.0,75000.0
27.0,Male,High School,Sales Executive,2.0,40000.0
43.0,Female,Bachelor'S,Content Marketing Manager,12.0,120000.0
28.0,Male,Master'S,Sales Representative,2.0,40000.0
46.0,Female,Phd,Senior Product Marketing Manager,16.0,160000.0
33.0,Male,Bachelor'S,Junior Sales Representative,4.0,55000.0
39.0,Female,Master'S,Director Of Marketing,10.0,100000.0
25.0,Male,High School,Sales Associate,1.0,35000.0
41.0,Female,Bachelor'S,Sales Manager,8.0,80000.0
35.0,Male,Phd,Marketing Manager,7.0,90000.0
23.0,Female,Bachelor'S,Sales Executive,1.0,35000.0
42.0,Male,Master'S,Financial Manager,13.0,130000.0
32.0,Male,Master'S,Content Marketing Manager,5.0,70000.0
27.0,Female,High School,Sales Representative,3.0,40000.0
36.0,Female,Bachelor'S,Junior Sales Representative,2.0,35000.0
48.0,Male,Master'S,Director Of Marketing,18.0,180000.0
31.0,Female,High School,Sales Associate,2.0,40000.0
29.0,Male,Bachelor'S,Sales Director,6.0,75000.0
45.0,Female,Phd,Financial Manager,12.0,120000.0
25.0,Male,Master'S,Digital Marketing Manager,3.0,50000.0
37.0,Female,Bachelor'S,Marketing Manager,7.0,90000.0
23.0,Male,High School,Sales Executive,1.0,35000.0
41.0,Female,Bachelor'S,Content Marketing Manager,11.0,110000.0
26.0,Male,Master'S,Sales Representative,3.0,45000.0
33.0,Female,Phd,Senior Product Marketing Manager,5.0,70000.0
28.0,Male,Bachelor'S,Junior Sales Representative,1.0,30000.0
42.0,Female,Master'S,Director Of Marketing,13.0,130000.0
27.0,Male,High School,Financial Manager,4.0,60000.0
50.0,Female,Bachelor'S,Sales Manager,15.0,150000.0
35.0,Male,Phd,Marketing Manager,8.0,80000.0
24.0,Female,Bachelor'S,Sales Executive,1.0,35000.0
46.0,Male,Master'S,Content Marketing Manager,16.0,160000.0
29.0,Female,High School,Sales Representative,2.0,40000.0
31.0,Female,Bachelor'S,Junior Sales Representative,3.0,40000.0
25.0,Female,High School,Sales Associate,1.0,35000.0
39.0,Male,Bachelor'S,Sales Director,10.0,100000.0
33.0,Female,Phd,Financial Manager,5.0,70000.0
27.0,Male,Master'S,Digital Marketing Manager,3.0,50000.0
43.0,Female,Bachelor'S,Marketing Manager,12.0,120000.0
28.0,Male,High School,Sales Executive,2.0,40000.0
31.0,Male,Bachelor'S,Sales Associate,3.0,50000.0
46.0,Female,Master'S,Marketing Manager,14.0,140000.0
38.0,Female,Bachelor'S,Financial Manager,10.0,100000.0
24.0,Male,Phd,Digital Marketing Manager,1.0,30000.0
33.0,Female,Master'S,Content Marketing Manager,6.0,75000.0
29.0,Male,High School,Sales Representative,2.0,40000.0
50.0,Female,Bachelor'S,Sales Manager,18.0,180000.0
35.0,Male,Phd,Senior Product Marketing Manager,8.0,80000.0
41.0,Male,Master'S,Director Of Marketing,12.0,120000.0
26.0,Female,High School,Financial Manager,3.0,45000.0
32.0,Male,Bachelor'S,Sales Director,7.0,90000.0
27.0,Female,Phd,Marketing Manager,4.0,55000.0
43.0,Male,Master'S,Content Marketing Manager,16.0,160000.0
28.0,Female,Bachelor'S,Sales Representative,2.0,40000.0
31.0,Female,High School,Junior Sales Representative,3.0,40000.0
39.0,Male,Bachelor'S,Sales Manager,11.0,110000.0
33.0,Female,Phd,Financial Manager,6.0,75000.0
50.0,Female,Master'S,Content Marketing Manager,15.0,150000.0
36.0,Male,Bachelor'S,Sales Representative,5.0,70000.0
48.0,Female,Phd,Senior Product Marketing Manager,19.0,190000.0
31.0,Male,High School,Junior Sales Representative,3.0,40000.0
29.0,Female,Bachelor'S,Sales Director,6.0,75000.0
45.0,Male,Master'S,Director Of Marketing,14.0,140000.0
35.0,Female,Phd,Marketing Manager,8.0,80000.0
23.0,Male,Bachelor'S,Sales Executive,1.0,35000.0
42.0,Female,Master'S,Sales Manager,13.0,130000.0
26.0,Male,High School,Digital Marketing Manager,2.0,40000.0
32.0,Female,Bachelor'S,Content Marketing Manager,7.0,90000.0
27.0,Male,Phd,Sales Representative,4.0,55000.0
50.0,Female,Master'S,Senior Product Marketing Manager,18.0,180000.0
36.0,Male,Bachelor'S,Junior Sales Representative,3.0,45000.0
48.0,Female,Phd,Director Of Marketing,19.0,190000.0
31.0,Male,High School,Sales Associate,3.0,50000.0
29.0,Female,Bachelor'S,Financial Manager,4.0,55000.0
45.0,Male,Master'S,Marketing Manager,13.0,130000.0
25.0,Female,High School,Sales Executive,1.0,35000.0
41.0,Male,Bachelor'S,Content Marketing Manager,12.0,120000.0
35.0,Female,Phd,Senior Product Marketing Manager,9.0,95000.0
23.0,Male,Bachelor'S,Sales Representative,1.0,35000.0
42.0,Female,Master'S,Digital Marketing Manager,14.0,140000.0
26.0,Male,High School,Sales Manager,2.0,40000.0
32.0,Female,Bachelor'S,Director Of Marketing,8.0,80000.0
27.0,Male,Phd,Marketing Manager,4.0,55000.0
50.0,Female,Master'S,Content Marketing Manager,19.0,190000.0
36.0,Male,Bachelor'S,Sales Director,6.0,75000.0
48.0,Female,Phd,Senior Product Marketing Manager,17.0,170000.0
36.0,Male,Bachelor'S,Sales Director,6.0,110000.0
37.0,Male,Master'S,Marketing Manager,11.0,110000.0
26.0,Female,Bachelor'S,Sales Representative,2.0,40000.0
42.0,Male,Phd,Content Marketing Manager,15.0,150000.0
33.0,Female,High School,Sales Executive,4.0,55000.0
29.0,Male,Bachelor'S,Sales Manager,5.0,70000.0
45.0,Female,Master'S,Director Of Marketing,16.0,160000.0
24.0,Male,High School,Sales Associate,1.0,35000.0
39.0,Female,Bachelor'S,Financial Manager,10.0,100000.0
31.0,Male,Phd,Senior Product Marketing Manager,7.0,90000.0
27.0,Female,Master'S,Digital Marketing Manager,3.0,50000.0
43.0,Male,Bachelor'S,Content Marketing Manager,14.0,140000.0
28.0,Female,High School,Sales Representative,2.0,40000.0
50.0,Male,Phd,Marketing Manager,18.0,180000.0
35.0,Female,Bachelor'S,Sales Executive,7.0,90000.0
23.0,Male,Bachelor'S,Sales Manager,1.0,35000.0
41.0,Female,Master'S,Director Of Marketing,12.0,120000.0
26.0,Male,High School,Financial Manager,3.0,45000.0
32.0,Female,Bachelor'S,Sales Director,8.0,80000.0
50.0,Female,Master'S,Content Marketing Manager,18.0,180000.0
36.0,Male,Bachelor'S,Sales Representative,6.0,75000.0
29.0,Female,Bachelor'S,Sales Director,5.0,70000.0
45.0,Male,Master'S,Director Of Marketing,15.0,150000.0
38.0,Male,Master'S,Marketing Manager,12.0,120000.0
27.0,Female,Bachelor'S,Sales Representative,3.0,45000.0
43.0,Male,Phd,Content Marketing Manager,16.0,160000.0
34.0,Female,High School,Sales Executive,5.0,70000.0
30.0,Male,Bachelor'S,Sales Manager,6.0,75000.0
46.0,Female,Master'S,Director Of Marketing,17.0,170000.0
40.0,Female,Bachelor'S,Financial Manager,11.0,110000.0
32.0,Male,Phd,Senior Product Marketing Manager,8.0,80000.0
28.0,Female,Master'S,Digital Marketing Manager,4.0,55000.0
44.0,Male,Bachelor'S,Content Marketing Manager,15.0,150000.0
51.0,Male,Phd,Marketing Manager,19.0,190000.0
36.0,Female,Bachelor'S,Sales Executive,8.0,80000.0
24.0,Male,Bachelor'S,Sales Manager,1.0,35000.0
27.0,Male,High School,Financial Manager,3.0,45000.0
33.0,Female,Bachelor'S,Sales Director,7.0,90000.0
28.0,Male,Phd,Marketing Manager,4.0,55000.0
51.0,Female,Master'S,Content Marketing Manager,19.0,190000.0
37.0,Male,Bachelor'S,Sales Representative,7.0,90000.0
49.0,Female,Phd,Senior Product Marketing Manager,20.0,200000.0
32.0,Male,High School,Junior Sales Representative,3.0,40000.0
30.0,Female,Bachelor'S,Sales Director,5.0,70000.0
46.0,Male,Master'S,Director Of Marketing,16.0,160000.0
26.0,Female,High School,Sales Associate,1.0,35000.0
42.0,Male,Bachelor'S,Financial Manager,13.0,130000.0
36.0,Female,Phd,Marketing Manager,9.0,95000.0
24.0,Male,Bachelor'S,Sales Executive,1.0,35000.0
43.0,Female,Master'S,Sales Manager,14.0,140000.0
27.0,Male,High School,Digital Marketing Manager,2.0,40000.0
33.0,Female,Bachelor'S,Content Marketing Manager,7.0,90000.0
28.0,Male,Phd,Sales Representative,4.0,55000.0
51.0,Female,Master'S,Senior Product Marketing Manager,19.0,190000.0
37.0,Male,Bachelor'S,Junior Sales Representative,6.0,75000.0
49.0,Female,Phd,Director Of Marketing,20.0,200000.0
32.0,Male,High School,Sales Associate,3.0,50000.0
30.0,Female,Bachelor'S,Financial Manager,4.0,55000.0
46.0,Male,Master'S,Marketing Manager,14.0,140000.0
26.0,Female,High School,Sales Executive,1.0,35000.0
42.0,Male,Bachelor'S,Content Marketing Manager,13.0,130000.0
36.0,Female,Phd,Senior Product Marketing Manager,10.0,100000.0
24.0,Male,Bachelor'S,Sales Representative,1.0,35000.0
43.0,Female,Master'S,Digital Marketing Manager,15.0,150000.0
27.0,Male,High School,Sales Manager,2.0,40000.0
33.0,Female,Bachelor'S,Director Of Marketing,8.0,80000.0
37.0,Male,Bachelor'S,Sales Director,7.0,90000.0
30.0,Female,Bachelor'S,Sales Manager,5.0,70000.0
